"product_id","scrape_product_id","keyword","link","title_translated","gpt_category_suggestion","gpt_description","product_label","trending_label","title","image_urls","stock_count","stock_units","repurchase_rate","is_validated","is_catalogued","created_by","updated_by","createdAt","updatedAt","deletedAt","platform_id","supplier_id","taxonomy_id"
18,1226,extension-https://detail.1688.com/offer/604653579768.html,https://detail.1688.com/offer/604653579768.html,"12oz Eggshell Cup Stainless Steel Insulated Cup Portable Egg Cup Red Wine Cup Big Belly Cup Wholesale","""Home & Garden>Kitchen & Dining>Tableware>Drinkware""","12oz Stainless Steel Insulated Eggshell Cup",,,外贸12oz蛋壳杯家用水杯不锈钢保温杯便携鸡蛋杯红酒杯大肚杯批发,"{https://img.alicdn.com/imgextra/i2/6000000006307/O1CN015nbckO1wSeg53Potr_!!6000000006307-0-tbvideo.jpg,https://cbu01.alicdn.com/img/ibank/O1CN01xlOEum1WPHvtGQHPO_!!2206423932780-0-cib.jpg,https://cbu01.alicdn.com/img/ibank/O1CN010rjsZQ1WPHtEIVI2L_!!2206423932780-0-cib.jpg,https://cbu01.alicdn.com/img/ibank/O1CN01N76cOS1WPHtDwkM1s_!!2206423932780-0-cib.jpg,https://cbu01.alicdn.com/img/ibank/O1CN016SkFm91WPHtDwiXpB_!!2206423932780-0-cib.jpg,https://cbu01.alicdn.com/img/ibank/O1CN01Ozxc6X1WPHkTh6stX_!!2206423932780-0-cib.jpg,https://cbu01.alicdn.com/img/ibank/O1CN01WYk3KS1WPHtDwyS7n_!!2206423932780-0-cib.jpg,https://cbu01.alicdn.com/img/ibank/O1CN01v9s1Qy1WPHt9mGQUW_!!2206423932780-0-cib.jpg,https://cbu01.alicdn.com/img/ibank/O1CN01efKWDp1WPHtGuSf1A_!!2206423932780-0-cib.jpg,https://cbu01.alicdn.com/img/ibank/O1CN01p6rqiN1WPHtJKe8ub_!!2206423932780-0-cib.jpg,https://cbu01.alicdn.com/img/ibank/O1CN01l05gQg1WPHtFmTcxv_!!2206423932780-0-cib.jpg,https://cbu01.alicdn.com/img/ibank/O1CN01495kK61WPHtLrXJtY_!!2206423932780-0-cib.jpg,https://cbu01.alicdn.com/img/ibank/O1CN01wdxGKR1WPHtFOWwbi_!!2206423932780-0-cib.jpg,https://cbu01.alicdn.com/img/ibank/O1CN011ADquJ1WPHtL1qzaz_!!2206423932780-0-cib.jpg,https://cbu01.alicdn.com/img/ibank/O1CN01XNjAXs1WPHt9oqPIo_!!2206423932780-0-cib.jpg,https://cbu01.alicdn.com/img/ibank/O1CN01ImR7ro1WPHtDzTjq8_!!2206423932780-0-cib.jpg,https://cbu01.alicdn.com/img/ibank/O1CN01K6Zf1i1WPHtLrfuku_!!2206423932780-0-cib.jpg,https://cbu01.alicdn.com/img/ibank/O1CN01Oa9i8U1WPHtGxAUej_!!2206423932780-0-cib.jpg,https://cbu01.alicdn.com/img/ibank/O1CN018fgTFq1WPHtJKtVyg_!!2206423932780-0-cib.jpg,https://cbu01.alicdn.com/img/ibank/O1CN010I8BlD1WPHtJsz72L_!!2206423932780-0-cib.jpg,https://cbu01.alicdn.com/img/ibank/O1CN012KAmgH1WPHtBsN20m_!!2206423932780-0-cib.jpg,https://cbu01.alicdn.com/img/ibank/O1CN01Xcc95L1WPHtIGn5eB_!!2206423932780-0-cib.jpg,https://cbu01.alicdn.com/img/ibank/O1CN0145cLKO1WPHtDx3YMm_!!2206423932780-0-cib.jpg,https://cbu01.alicdn.com/img/ibank/O1CN01t6DHX41WPHtLrqBWy_!!2206423932780-0-cib.jpg,https://cbu01.alicdn.com/img/ibank/O1CN01V8AgRr1WPHtLrrSYe_!!2206423932780-0-cib.jpg,https://cbu01.alicdn.com/img/ibank/O1CN01iabHN11WPHwHgOCXM_!!2206423932780-0-cib.jpg,https://cbu01.alicdn.com/img/ibank/O1CN01MQui101WPHwJuSr0j_!!2206423932780-0-cib.jpg,https://cbu01.alicdn.com/img/ibank/O1CN01dHs8XK1WPHwKuh8nZ_!!2206423932780-0-cib.jpg,https://cbu01.alicdn.com/img/ibank/O1CN0167L2VK1WPHwMNtPJ4_!!2206423932780-0-cib.jpg,https://cbu01.alicdn.com/img/ibank/O1CN01B03nv91WPHwExSxTp_!!2206423932780-0-cib.jpg,https://cbu01.alicdn.com/img/ibank/O1CN01vVCime1WPHwKatFaX_!!2206423932780-0-cib.jpg,https://cbu01.alicdn.com/img/ibank/O1CN01bay4M31WPHwO5p6iE_!!2206423932780-0-cib.jpg,https://cbu01.alicdn.com/img/ibank/O1CN01E0MJYn1WPHx3u82Bl_!!2206423932780-0-cib.jpg,https://cbu01.alicdn.com/img/ibank/O1CN01PwYuX11WPHx8SwYgM_!!2206423932780-0-cib.jpg,https://cbu01.alicdn.com/img/ibank/O1CN01Dkwiqp1WPHxyjFqWo_!!2206423932780-0-cib.jpg,https://cbu01.alicdn.com/img/ibank/O1CN01twWYhp1WPHy2j1YgO_!!2206423932780-0-cib.jpg}",0.0,Units,80,true,false,,,2024-04-24 16:41:45.246 +0800,2024-04-25 18:46:47.548 +0800,,1,17,674
19,1227,extension-https://detail.1688.com/offer/555670870714.html,https://detail.1688.com/offer/555670870714.html,Customized PVC Transparent Plastic Box for Food and Coffee Packaging,"""Home & Garden>Kitchen & Dining>Food Storage""",Customized PET Transparent Plastic Box Packaging,,,PVC透明塑料盒定制PET胶盒食品咖啡PP磨砂盒包装,"{https://img.alicdn.com/imgextra/i4/6000000005436/O1CN012MUdgE1q1jn3vULzg_!!6000000005436-0-tbvideo.jpg,https://cbu01.alicdn.com/img/ibank/O1CN01aJG2oa2HHIxRThvhZ_!!3159429125-0-cib.jpg,https://cbu01.alicdn.com/img/ibank/O1CN01fURkqX2HHIsOTdJjl_!!3159429125-0-cib.jpg,https://cbu01.alicdn.com/img/ibank/O1CN01QEVG2r2HHIsBXqE0K_!!3159429125-0-cib.jpg,https://cbu01.alicdn.com/img/ibank/O1CN01UQqwgk2HHIsLgyC3V_!!3159429125-0-cib.jpg,https://cbu01.alicdn.com/img/ibank/O1CN01Vayl0b2HHJ2DNz8zU_!!3159429125-0-cib.jpg}",0.0,units,80,true,false,,,2024-04-24 16:49:44.359 +0800,2024-04-24 16:51:01.638 +0800,,1,18,2626
20,1228,extension-https://detail.1688.com/offer/737059056696.html,https://detail.1688.com/offer/737059056696.html,Rattan Stick Aromatherapy Essential Oil,"""Home & Garden>Decor>Home Fragrances>Air Fresheners""",Rattan Stick Aromatherapy Essential Oil,,,藤条无火香薰精油家用室内持久留香厕所除异味卧室香氛摆件批发,"{https://cbu01.alicdn.com/img/ibank/O1CN01VX8u5A29fZ1fEspFo_!!2210452168095-0-cib.jpg,https://cbu01.alicdn.com/img/ibank/O1CN01KrF0QZ29fZ1kJG6pr_!!2210452168095-0-cib.jpg,https://cbu01.alicdn.com/img/ibank/O1CN01ELWyst29fZ1Ynukhu_!!2210452168095-0-cib.jpg,https://cbu01.alicdn.com/img/ibank/O1CN01lvodRv29fZ1ee6XFk_!!2210452168095-0-cib.jpg,https://cbu01.alicdn.com/img/ibank/O1CN01BMX1XT29fZ1n23R71_!!2210452168095-0-cib.jpg,https://cbu01.alicdn.com/img/ibank/O1CN01Ha3yzA29fZ1ee4vHM_!!2210452168095-0-cib.jpg,https://cbu01.alicdn.com/img/ibank/O1CN011FxtVt29fZ1ee4vHF_!!2210452168095-0-cib.jpg,https://cbu01.alicdn.com/img/ibank/O1CN010zz1qu29fZ1hFIIlt_!!2210452168095-0-cib.jpg,https://cbu01.alicdn.com/img/ibank/O1CN01LybA8y29fZ1jdVGwB_!!2210452168095-0-cib.jpg,https://cbu01.alicdn.com/img/ibank/O1CN01989lyk29fZ1dSsARC_!!2210452168095-0-cib.jpg,https://cbu01.alicdn.com/img/ibank/O1CN01QxQWbM29fZ1iWE8s0_!!2210452168095-0-cib.jpg,https://cbu01.alicdn.com/img/ibank/O1CN01FarThV29fZ1dSsq1U_!!2210452168095-0-cib.jpg,https://cbu01.alicdn.com/img/ibank/O1CN01SjV78a29fZ1iRJHf0_!!2210452168095-0-cib.jpg}",0.0,Units,80,true,false,,,2024-04-24 17:02:59.045 +0800,2024-04-24 17:07:43.502 +0800,,1,19,3898
22,1228,extension-https://detail.1688.com/offer/737059056696.html,https://detail.1688.com/offer/737059056696.html,Rattan Stick Aromatherapy Essential Oil,"",Rattan Stick Aromatherapy Essential Oil,,,藤条无火香薰精油家用室内持久留香厕所除异味卧室香氛摆件批发,"{https://cbu01.alicdn.com/img/ibank/O1CN01VX8u5A29fZ1fEspFo_!!2210452168095-0-cib.jpg,https://cbu01.alicdn.com/img/ibank/O1CN01KrF0QZ29fZ1kJG6pr_!!2210452168095-0-cib.jpg,https://cbu01.alicdn.com/img/ibank/O1CN01ELWyst29fZ1Ynukhu_!!2210452168095-0-cib.jpg,https://cbu01.alicdn.com/img/ibank/O1CN01lvodRv29fZ1ee6XFk_!!2210452168095-0-cib.jpg,https://cbu01.alicdn.com/img/ibank/O1CN01BMX1XT29fZ1n23R71_!!2210452168095-0-cib.jpg,https://cbu01.alicdn.com/img/ibank/O1CN01Ha3yzA29fZ1ee4vHM_!!2210452168095-0-cib.jpg,https://cbu01.alicdn.com/img/ibank/O1CN011FxtVt29fZ1ee4vHF_!!2210452168095-0-cib.jpg,https://cbu01.alicdn.com/img/ibank/O1CN010zz1qu29fZ1hFIIlt_!!2210452168095-0-cib.jpg,https://cbu01.alicdn.com/img/ibank/O1CN01LybA8y29fZ1jdVGwB_!!2210452168095-0-cib.jpg,https://cbu01.alicdn.com/img/ibank/O1CN01989lyk29fZ1dSsARC_!!2210452168095-0-cib.jpg,https://cbu01.alicdn.com/img/ibank/O1CN01QxQWbM29fZ1iWE8s0_!!2210452168095-0-cib.jpg,https://cbu01.alicdn.com/img/ibank/O1CN01FarThV29fZ1dSsq1U_!!2210452168095-0-cib.jpg,https://cbu01.alicdn.com/img/ibank/O1CN01SjV78a29fZ1iRJHf0_!!2210452168095-0-cib.jpg}",0.0,Units,80,true,false,,,2024-04-24 17:02:59.047 +0800,2024-04-24 17:08:12.309 +0800,,1,20,
23,1229,extension-https://detail.1688.com/offer/764053986285.html,https://detail.1688.com/offer/764053986285.html,Stainless Steel Self-service Buffet Stove Hotel Restaurant Heating Container Insulation Stove Hanging Stove Alcohol Stove,"""Home & Garden>Kitchen & Dining>Cookware & Bakeware>Cookware""",Buffet Display,,,跨境货源金色不锈钢自助餐炉酒店餐厅加热容器保温炉吊炉酒精炉,"{https://img.alicdn.com/imgextra/i1/6000000007767/O1CN01xp4oOe27FL7CErjVC_!!6000000007767-0-tbvideo.jpg,https://cbu01.alicdn.com/img/ibank/O1CN01Z5WVfS2HnMkIhRFmV_!!2216445389195-0-cib.jpg,https://cbu01.alicdn.com/img/ibank/O1CN01fdlnBG2HnMkB3nxKd_!!2216445389195-0-cib.jpg,https://cbu01.alicdn.com/img/ibank/O1CN014rC5rf2HnMkGrfQt6_!!2216445389195-0-cib.jpg,https://cbu01.alicdn.com/img/ibank/O1CN01xpDrDB2HnMk5QiZEg_!!2216445389195-0-cib.jpg,https://cbu01.alicdn.com/img/ibank/O1CN01x5bG9M2HnMkEGUByD_!!2216445389195-0-cib.jpg,https://cbu01.alicdn.com/img/ibank/O1CN014rC5rf2HnMkGrfQt6_!!2216445389195-0-cib.jpg,https://cbu01.alicdn.com/img/ibank/O1CN01LzaAw42HnMkIhR3JV_!!2216445389195-0-cib.jpg}",0.0,Units,80,true,false,,,2024-04-25 10:08:48.489 +0800,2024-04-25 10:10:00.589 +0800,,1,22,654
57,1288,extension-https://detail.1688.com/offer/772888203425.html,https://detail.1688.com/offer/772888203425.html,Thick Cotton Sweatshirt,"",Fleece Sweatshirt 320g,,,华棉奥利绒圆领卫衣秋冬款上衣打底衫男女外套加绒加厚,"{https://cbu01.alicdn.com/img/ibank/O1CN01tJSafc2EukIDGDa7u_!!3257848805-0-cib.jpg,https://cbu01.alicdn.com/img/ibank/O1CN01amP8Xr2EukI7fZoWG_!!3257848805-0-cib.jpg,https://cbu01.alicdn.com/img/ibank/O1CN01TgEIBf2EukIEU2sCy_!!3257848805-0-cib.jpg,https://cbu01.alicdn.com/img/ibank/O1CN01TxD3G82EukIAqcoKW_!!3257848805-0-cib.jpg,https://cbu01.alicdn.com/img/ibank/O1CN01H5kCkj2EukIFFSxly_!!3257848805-0-cib.jpg,https://cbu01.alicdn.com/img/ibank/O1CN01H5kCkj2EukIFFSxly_!!3257848805-0-cib.jpg,https://cbu01.alicdn.com/img/ibank/O1CN01WquaYv2EukIBbGdQB_!!3257848805-0-cib.jpg,https://cbu01.alicdn.com/img/ibank/O1CN01skkco52EukIFFUm7N_!!3257848805-0-cib.jpg,https://cbu01.alicdn.com/img/ibank/O1CN01s6cAlE2EukIFFWvCu_!!3257848805-0-cib.jpg,https://cbu01.alicdn.com/img/ibank/O1CN01fd5dYb2EukIArUJV1_!!3257848805-0-cib.jpg,https://cbu01.alicdn.com/img/ibank/O1CN01VeMv1q2EukIE7BKTN_!!3257848805-0-cib.jpg,https://cbu01.alicdn.com/img/ibank/O1CN01rQq0t52EukICad0cg_!!3257848805-0-cib.jpg}",4798280.0,件可售,80,true,false,,,2024-05-14 12:29:48.910 +0800,2024-05-15 14:57:40.078 +0800,,1,55,
68,1294,extension-https://detail.1688.com/offer/669157811385.html,https://detail.1688.com/offer/669157811385.html,Commercial Instant Milk Tea Juice Machine Coffee Machine,"""Business & Industrial>Food Service""",Smoothie Machine - Option 1 -50*59*142cm,,,商用速溶奶茶果汁机 咖啡机工厂式多功能粉料机 无人自助奶茶机,"{https://cbu01.alicdn.com/img/ibank/12568180243_2033147544.jpg,https://cbu01.alicdn.com/img/ibank/O1CN01xt5rwQ2IneMxxhCMt_!!949909331-0-cib.jpg,https://cbu01.alicdn.com/img/ibank/O1CN01DnN2bF2IneN2xiTPH_!!949909331-0-cib.jpg,https://cbu01.alicdn.com/img/ibank/O1CN01A2fqcQ2IneMxxh432_!!949909331-0-cib.jpg}",0.0,units,80,true,false,,,2024-05-14 16:01:33.073 +0800,2024-05-14 16:11:01.397 +0800,,1,66,135
69,1296,extension-https://detail.1688.com/offer/666175423156.html,https://detail.1688.com/offer/666175423156.html,Commercial Instant Coffee Beverage Machine,"""Business & Industrial>Food Service>Vending Machines""",Smoothie Machine - Option 2 -57*59*177cm,,,速溶咖啡饮料机商用智能蛋白粉机奶昔机多口味咖啡奶茶机工厂货源,"{https://cbu01.alicdn.com/img/ibank/O1CN01w7k6gh1Bs2oVCv6Ml_!!0-0-cib.jpg,https://cbu01.alicdn.com/img/ibank/O1CN019tssAp2InebB7bRQR_!!949909331-0-cib.jpg,https://img.alicdn.com/imgextra/i2/6000000000270/O1CN01ko4pCV1Drhotl1Dfq_!!6000000000270-0-tbvideo.jpg,https://img.alicdn.com/imgextra/i4/6000000004453/O1CN018uguKW1ilWYkjUUU2_!!6000000004453-0-tbvideo.jpg,https://cbu01.alicdn.com/img/ibank/O1CN0133zBRe2IneN8atAqy_!!949909331-0-cib.jpg,https://cbu01.alicdn.com/img/ibank/O1CN01CMiLur2IneMzPYXdz_!!949909331-0-cib.jpg,https://cbu01.alicdn.com/img/ibank/O1CN01x8XqN52IneN2f1BBo_!!949909331-0-cib.jpg,https://cbu01.alicdn.com/img/ibank/O1CN01stWk6S2IneMzPXGeG_!!949909331-0-cib.jpg}",0.0,units,80,true,false,,,2024-05-14 16:02:33.656 +0800,2024-05-14 16:11:29.609 +0800,,1,66,137
70,1297,extension-https://detail.1688.com/offer/782051764491.html,https://detail.1688.com/offer/782051764491.html,Tea Machine Ice Shaver Juicer Milk Cap Machine Commercial Multifunctional Milk Tea Shop Special,"""Home & Garden>Kitchen & Dining>Kitchen Appliances""",Smoothie Machine - Option 3 -18*21.5*43cm,,,萃茶机沙冰机刨冰碎冰机榨汁机奶盖机商用多功能奶茶店专用,"{https://cbu01.alicdn.com/img/ibank/O1CN011iiO8V1S91AT9fXuk_!!0-item_pic.jpg,https://cbu01.alicdn.com/img/ibank/O1CN01alQk511S918q7iwsd_!!1097272203-0-lubanu-s.jpg,https://cbu01.alicdn.com/img/ibank/O1CN010e6a2t1S918oUOAbd_!!1097272203-0-lubanu-s.jpg,https://cbu01.alicdn.com/img/ibank/O1CN01P0lZvT1S918mUWiwR_!!1097272203-0-lubanu-s.jpg,https://cbu01.alicdn.com/img/ibank/O1CN01yPnvLy1S918qgakVG_!!1097272203-0-lubanu-s.jpg,https://cbu01.alicdn.com/img/ibank/O1CN01s1vO4i1S918fdoaxf_!!1097272203.jpg,https://cbu01.alicdn.com/img/ibank/O1CN01q0YWQj1S918lkVuhM_!!1097272203.jpg,https://cbu01.alicdn.com/img/ibank/O1CN015pgkwf1S918lkTMi2_!!1097272203.jpg,https://cbu01.alicdn.com/img/ibank/O1CN01JYDOwk1S918fdnaba_!!1097272203.jpg,https://cbu01.alicdn.com/img/ibank/O1CN01VToKdo1S918sbpfSr_!!1097272203.jpg,https://cbu01.alicdn.com/img/ibank/O1CN01RCLqfj1S918lWT2iQ_!!1097272203.jpg,https://cbu01.alicdn.com/img/ibank/O1CN01kezxlj1S918nv8CsB_!!1097272203.jpg,https://cbu01.alicdn.com/img/ibank/O1CN015IGvMC1S918qQcn5m_!!1097272203.jpg,https://cbu01.alicdn.com/img/ibank/O1CN01l0asS61S918oO4Zmg_!!1097272203.jpg,https://cbu01.alicdn.com/img/ibank/O1CN01JqR0AT1S918fozMBJ_!!1097272203.jpg}",1990.0,件可售,80,true,false,,,2024-05-14 16:07:22.029 +0800,2024-05-14 16:12:01.667 +0800,,1,67,730
71,1298,extension-https://detail.1688.com/offer/675497814834.html,https://detail.1688.com/offer/675497814834.html,Commercial Ice Crusher with Cover for Milk Tea Shop,"""Home & Garden>Kitchen & Dining>Kitchen Appliances>Ice Crushers & Shavers""",Smoothie Machine - Option 4 -23*25.5*58cm,,,沙冰机商用大马力奶茶店带罩碎冰机静音果汁机隔音破冰机打冰沙机,"{https://cbu01.alicdn.com/img/ibank/O1CN01dPHj0O2BAXJIgZcMC_!!2209711348298-0-cib.jpg,https://cbu01.alicdn.com/img/ibank/O1CN01NTspnY2BAXJRf1Kz6_!!2209711348298-0-cib.jpg,https://cbu01.alicdn.com/img/ibank/O1CN01USnpEA2BAXJLou2Fy_!!2209711348298-0-cib.jpg,https://cbu01.alicdn.com/img/ibank/O1CN01TEeNqs2BAXJIgYLKe_!!2209711348298-0-cib.jpg,https://cbu01.alicdn.com/img/ibank/O1CN01PKL74g2BAXJRf2Xpa_!!2209711348298-0-cib.jpg,https://cbu01.alicdn.com/img/ibank/O1CN01x3P6HW2BAXJQQkekg_!!2209711348298-0-cib.jpg,https://cbu01.alicdn.com/img/ibank/O1CN01HBqonI2BAXJL9FZel_!!2209711348298-0-cib.jpg,https://cdn.sourcy.ai/product_images/2024-05-14T08:13:18.680Z-ee01cdef-60aa-5510-a63e-215ad21cf3b2.png}",176332.0,台可售,80,true,false,,,2024-05-14 16:10:23.772 +0800,2024-05-14 16:13:18.912 +0800,,1,68,749
84,1312,extension-https://detail.1688.com/offer/746398861231.html,https://detail.1688.com/offer/746398861231.html,Autumn and Winter 360g Cotton Super Round Neck Pullover Men's Thickened and Fleece Loose Solid Color Top Men and Women Wholesale,"",Brush Up Sweatshirt 360g,,,秋冬360克棉超圆领套头卫衣男款加厚加绒宽松纯色上衣男女款 批发,"{https://cbu01.alicdn.com/img/ibank/O1CN01RbQGQw1Bs2rjBg1RP_!!0-0-cib.jpg,https://cbu01.alicdn.com/img/ibank/O1CN01Vwg7hd2NI7OIbWrZ7_!!2212478729939-0-cib.jpg,https://cbu01.alicdn.com/img/ibank/O1CN016cZgnU2NI7OKZP2ak_!!2212478729939-0-cib.jpg,https://cbu01.alicdn.com/img/ibank/O1CN015wpaFw2NI7ONcFN1y_!!2212478729939-0-cib.jpg,https://cbu01.alicdn.com/img/ibank/O1CN01arn6gK2NI7OOcoOu8_!!2212478729939-0-cib.jpg,https://cbu01.alicdn.com/img/ibank/O1CN01JyqX5K2NI7OKZY6ws_!!2212478729939-0-cib.jpg,https://cbu01.alicdn.com/img/ibank/O1CN01tK4Sfx2NI7OICbIlw_!!2212478729939-0-cib.jpg,https://cbu01.alicdn.com/img/ibank/O1CN01BE61Gn2NI7OOHrISZ_!!2212478729939-0-cib.jpg,https://cbu01.alicdn.com/img/ibank/O1CN01iuOlu72NI7OMg2RD3_!!2212478729939-0-cib.jpg,https://cbu01.alicdn.com/img/ibank/O1CN01u1Fhnc2NI7OICbIlo_!!2212478729939-0-cib.jpg,https://cbu01.alicdn.com/img/ibank/O1CN01Xskieq2NI7OICbIlu_!!2212478729939-0-cib.jpg,https://cbu01.alicdn.com/img/ibank/O1CN01Lxb79k2NI7OOHrISI_!!2212478729939-0-cib.jpg,https://cbu01.alicdn.com/img/ibank/O1CN01MXknMl2NI7OMg2RCQ_!!2212478729939-0-cib.jpg,https://cbu01.alicdn.com/img/ibank/O1CN01Pv9VtK2NI7OOHuW9H_!!2212478729939-0-cib.jpg,https://cbu01.alicdn.com/img/ibank/O1CN01NTPjoJ2NI7OOHrIS9_!!2212478729939-0-cib.jpg,https://cbu01.alicdn.com/img/ibank/O1CN01h6nMDt2NI7OOHuW8r_!!2212478729939-0-cib.jpg,https://cbu01.alicdn.com/img/ibank/O1CN01hqiOCj2NI7OICbIlQ_!!2212478729939-0-cib.jpg,https://cbu01.alicdn.com/img/ibank/O1CN015EXuiI2NI7OI2yOtB_!!2212478729939-0-cib.jpg}",719820.0,件可售,80,true,false,,,2024-05-15 14:23:21.317 +0800,2024-05-15 14:58:07.889 +0800,,1,82,
85,1313,extension-https://detail.1688.com/offer/690916061251.html,https://detail.1688.com/offer/690916061251.html,Winter New 360g Plus Velvet Hooded Cotton Super Sweater Men Teenagers Thickened Wholesale Workwear,"""Apparel & Accessories>Clothing>Outerwear>Coats & Jackets""",Brush Up Hoodie 360g,,,冬季新品360克加绒连帽棉超卫衣男青少年 加厚 外套批发工作服,"{https://cbu01.alicdn.com/img/ibank/O1CN010kluOI1Bs2uqkvmQL_!!0-0-cib.jpg,https://cbu01.alicdn.com/img/ibank/O1CN01f57CZe2NI7PpCDnfI_!!2212478729939-0-cib.jpg,https://cbu01.alicdn.com/img/ibank/O1CN01RzuXbl2NI7PoPKbmO_!!2212478729939-0-cib.jpg,https://cbu01.alicdn.com/img/ibank/O1CN018vI70y2NI7PprLAGk_!!2212478729939-0-cib.jpg,https://cbu01.alicdn.com/img/ibank/O1CN016Mi39N2NI7Pn5upx8_!!2212478729939-0-cib.jpg,https://cbu01.alicdn.com/img/ibank/O1CN010o9r7g2NI7PlKhmoc_!!2212478729939-0-cib.jpg,https://cbu01.alicdn.com/img/ibank/O1CN01GRE7nt2NI7Po2hxwk_!!2212478729939-0-cib.jpg,https://cbu01.alicdn.com/img/ibank/O1CN01MVRA8y2NI7Po2h5vI_!!2212478729939-0-cib.jpg,https://cbu01.alicdn.com/img/ibank/O1CN01IIYxxm2NI7Pprkfvd_!!2212478729939-0-cib.jpg,https://cbu01.alicdn.com/img/ibank/O1CN01JfwztF2NI7PlL7ELG_!!2212478729939-0-cib.jpg,https://cbu01.alicdn.com/img/ibank/O1CN01Z4zBpi2NI7PlL9Axb_!!2212478729939-0-cib.jpg,https://cbu01.alicdn.com/img/ibank/O1CN01zQER0w2NI7PlM360r_!!2212478729939-0-cib.jpg,https://cbu01.alicdn.com/img/ibank/O1CN01wyEQEI2NI7PlM7Bgu_!!2212478729939-0-cib.jpg,https://cbu01.alicdn.com/img/ibank/O1CN01WrXYC82NI7PpCh8W2_!!2212478729939-0-cib.jpg,https://cbu01.alicdn.com/img/ibank/O1CN01JsQOQ32NI7PlM4qCB_!!2212478729939-0-cib.jpg,https://cbu01.alicdn.com/img/ibank/O1CN01E1Vuba2NI7PmqdZCQ_!!2212478729939-0-cib.jpg,https://cbu01.alicdn.com/img/ibank/O1CN01RMa0Ws2NI7PcUbwdy_!!2212478729939-0-cib.jpg,https://cbu01.alicdn.com/img/ibank/O1CN01rqfFAT2NI7PlM7nEF_!!2212478729939-0-cib.jpg,https://cbu01.alicdn.com/img/ibank/O1CN01foQda52NI7PpCjt5i_!!2212478729939-0-cib.jpg,https://cbu01.alicdn.com/img/ibank/O1CN01Moie802NI7PkTWSxN_!!2212478729939-0-cib.jpg,https://cbu01.alicdn.com/img/ibank/O1CN01VZvtUc2NI7PlLEgAq_!!2212478729939-0-cib.jpg,https://cbu01.alicdn.com/img/ibank/O1CN017u7R342NI7PlLDL2U_!!2212478729939-0-cib.jpg,https://cbu01.alicdn.com/img/ibank/O1CN01o8TBYS2NI7Po2mfOa_!!2212478729939-0-cib.jpg,https://cbu01.alicdn.com/img/ibank/O1CN01s6fnpm2NI7PkTYD9O_!!2212478729939-0-cib.jpg,https://cbu01.alicdn.com/img/ibank/O1CN01qX4nY92NI7PicHss0_!!2212478729939-0-cib.jpg}",1399860.0,件可售,80,true,false,,,2024-05-15 14:45:17.880 +0800,2024-05-15 14:58:23.168 +0800,,1,83,5598
87,1315,extension-https://detail.1688.com/offer/702695184573.html,https://detail.1688.com/offer/702695184573.html,Thin Drop-Shoulder Spring and Autumn Hooded Sweatshirt Custom Printed Logo Uniform Advertising Workwear Men and Women Wholesale,"""Apparel & Accessories>Clothing>Shirts & Tops""",Hoodie 450g,,,薄款落肩春秋连帽套头卫衣定 制印字logo班服广告工作服男女装批,"{https://img.alicdn.com/imgextra/i2/6000000002329/O1CN01kJYit61T4jFXCtjuo_!!6000000002329-0-tbvideo.jpg,https://cbu01.alicdn.com/img/ibank/O1CN01gYkz9Y1yNHNkYvqCw_!!2215426136566-0-cib.jpg,https://cbu01.alicdn.com/img/ibank/O1CN016zqxPK1yNHNc2N26O_!!2215426136566-0-cib.jpg,https://cbu01.alicdn.com/img/ibank/O1CN01PgOGyS1yNHNc2P75v_!!2215426136566-0-cib.jpg,https://cbu01.alicdn.com/img/ibank/O1CN01nDUZhh1yNHNecz5Iq_!!2215426136566-0-cib.jpg,https://cbu01.alicdn.com/img/ibank/O1CN01pCzQxw1yNHNecwfZu_!!2215426136566-0-cib.jpg,https://cbu01.alicdn.com/img/ibank/O1CN0188iYYb1yNHNiAYk2s_!!2215426136566-0-cib.jpg,https://cbu01.alicdn.com/img/ibank/O1CN01omBRDl1yNHNkaSANy_!!2215426136566-0-cib.jpg,https://cbu01.alicdn.com/img/ibank/O1CN01ShMYYa1yNHNgAf9ZD_!!2215426136566-0-cib.jpg,https://cbu01.alicdn.com/img/ibank/O1CN016duCXo1yNHNbLmZ1t_!!2215426136566-0-cib.jpg,https://cbu01.alicdn.com/img/ibank/O1CN01sFzT3z1yNHNbLqBo2_!!2215426136566-0-cib.jpg,https://cbu01.alicdn.com/img/ibank/O1CN01NRIoto1yNHNgAmPAn_!!2215426136566-0-cib.jpg,https://cbu01.alicdn.com/img/ibank/O1CN01p6CtVv1yNHNjugFfk_!!2215426136566-0-cib.jpg,https://cbu01.alicdn.com/img/ibank/O1CN01VPGT0X1yNHNlhjA4i_!!2215426136566-0-cib.jpg,https://cbu01.alicdn.com/img/ibank/O1CN01dPNyJn1yNHNjul1Kj_!!2215426136566-0-cib.jpg,https://cbu01.alicdn.com/img/ibank/O1CN01Du116B1yNHNZyRES2_!!2215426136566-0-cib.jpg,https://cbu01.alicdn.com/img/ibank/O1CN01mB16Rs1yNHNeDxGf2_!!2215426136566-0-cib.jpg,https://cbu01.alicdn.com/img/ibank/O1CN01E1CdeD1yNHNjuv5hz_!!2215426136566-0-cib.jpg,https://cbu01.alicdn.com/img/ibank/O1CN01iTzZOl1yNHNli19LO_!!2215426136566-0-cib.jpg,https://cbu01.alicdn.com/img/ibank/O1CN01YDf7YU1yNHNeJyT6e_!!2215426136566-0-cib.jpg,https://cbu01.alicdn.com/img/ibank/O1CN01zokx7r1yNHNgBBunI_!!2215426136566-0-cib.jpg,https://cbu01.alicdn.com/img/ibank/O1CN01ZnIpvn1yNHNfnLD7G_!!2215426136566-0-cib.jpg,https://cbu01.alicdn.com/img/ibank/O1CN01uNjSRJ1yNHNgBGY1r_!!2215426136566-0-cib.jpg}",1020000.0,件可售,80,true,false,,,2024-05-15 15:03:20.916 +0800,2024-05-15 15:05:22.063 +0800,,1,85,212
89,0,S-Cube,https://detail.tmall.com/item.htm?abbucket=3&id=790977495152&ns=1&priceTId=2150439c17156743184421583ee3c0&spm=a21n57.1.item.7.4064523cDkOZjm,Custom Vegan Leather Backpack - Option 1,"""Apparel & Accessories>Handbags, Wallets & Cases>Handbags""",Custom Vegan Leather Backpack,,,Custom Vegan Leather Backpack - Option 1,"{https://cdn.sourcy.ai/product_images/2024-05-15T10:04:05.192Z-d2009796-aff8-5eaf-b3be-8254dc0c477a.png,https://cdn.sourcy.ai/product_images/2024-05-15T10:04:31.235Z-16e5d815-e946-5404-ad13-49b3cc3453fe.png,https://cdn.sourcy.ai/product_images/2024-05-15T10:04:48.693Z-794fa5c6-b422-5ce8-868c-8d8bc1241987.png}",0.0,Units,,true,false,,,2024-05-15 18:02:59.473 +0800,2024-05-16 09:39:05.506 +0800,,1,87,3032
91,1281,extension-https://detail.1688.com/offer/678516442235.html,https://detail.1688.com/offer/678516442235.html,Unisex Summer Quick-Dry Breathable Professional Marathon Running Socks,"""Apparel & Accessories>Clothing>Underwear & Socks>Socks""",Nylon Socks,,,跑步袜男女夏季健身运动速干吸汗透气专业马拉松跑步袜提尔,"{https://img.alicdn.com/imgextra/i1/6000000001204/O1CN01MSC8RA1KlTSNOnicM_!!6000000001204-0-tbvideo.jpg,https://cbu01.alicdn.com/img/ibank/O1CN01bnkNAd1z22aMz3n0I_!!2207535316655-0-cib.jpg,https://cbu01.alicdn.com/img/ibank/O1CN019AUi411z22aMz274f_!!2207535316655-0-cib.jpg,https://cbu01.alicdn.com/img/ibank/O1CN01yTA0zk1z22aNpzOGV_!!2207535316655-0-cib.jpg,https://cbu01.alicdn.com/img/ibank/O1CN01pX5UDd1z22aGfgifv_!!2207535316655-0-cib.jpg,https://cbu01.alicdn.com/img/ibank/O1CN01wtsssd1z22a9h1kAb_!!2207535316655-0-cib.jpg,https://cbu01.alicdn.com/img/ibank/O1CN01UUl6Ey1z22aJYeH5i_!!2207535316655-0-cib.jpg,https://cbu01.alicdn.com/img/ibank/O1CN01GokprM1z22aJljgOT_!!2207535316655-0-cib.jpg,https://cbu01.alicdn.com/img/ibank/O1CN0149Rom61z22aGg0ahX_!!2207535316655-0-cib.jpg,https://cbu01.alicdn.com/img/ibank/O1CN01AsGcH41z22aKzavA3_!!2207535316655-0-cib.jpg,https://cbu01.alicdn.com/img/ibank/O1CN01fMmeLh1z22aBElZC6_!!2207535316655-0-cib.jpg,https://cbu01.alicdn.com/img/ibank/O1CN01fiS8UF1z22aEIHtrv_!!2207535316655-0-cib.jpg,https://cbu01.alicdn.com/img/ibank/O1CN01AH7YSH1z22aLlzhAV_!!2207535316655-0-cib.jpg,https://cdn.sourcy.ai/product_images/2024-05-16T04:30:42.918Z-7d5d370f-2acf-5334-8c7e-dbcc9951557b.png}",0.0,双可售,80,true,false,,,2024-05-16 12:28:32.588 +0800,2024-05-16 12:30:43.335 +0800,,1,89,209
92,1281,extension-https://detail.1688.com/offer/678516442235.html,https://detail.1688.com/offer/678516442235.html,Unisex Summer Quick-Dry Breathable Professional Marathon Running Socks,"",Nylon Socks,,,跑步袜男女夏季健身运动速干吸汗透气专业马拉松跑步袜提尔,"{https://img.alicdn.com/imgextra/i1/6000000001204/O1CN01MSC8RA1KlTSNOnicM_!!6000000001204-0-tbvideo.jpg,https://cbu01.alicdn.com/img/ibank/O1CN01bnkNAd1z22aMz3n0I_!!2207535316655-0-cib.jpg,https://cbu01.alicdn.com/img/ibank/O1CN019AUi411z22aMz274f_!!2207535316655-0-cib.jpg,https://cbu01.alicdn.com/img/ibank/O1CN01yTA0zk1z22aNpzOGV_!!2207535316655-0-cib.jpg,https://cbu01.alicdn.com/img/ibank/O1CN01pX5UDd1z22aGfgifv_!!2207535316655-0-cib.jpg,https://cbu01.alicdn.com/img/ibank/O1CN01wtsssd1z22a9h1kAb_!!2207535316655-0-cib.jpg,https://cbu01.alicdn.com/img/ibank/O1CN01UUl6Ey1z22aJYeH5i_!!2207535316655-0-cib.jpg,https://cbu01.alicdn.com/img/ibank/O1CN01GokprM1z22aJljgOT_!!2207535316655-0-cib.jpg,https://cbu01.alicdn.com/img/ibank/O1CN0149Rom61z22aGg0ahX_!!2207535316655-0-cib.jpg,https://cbu01.alicdn.com/img/ibank/O1CN01AsGcH41z22aKzavA3_!!2207535316655-0-cib.jpg,https://cbu01.alicdn.com/img/ibank/O1CN01fMmeLh1z22aBElZC6_!!2207535316655-0-cib.jpg,https://cbu01.alicdn.com/img/ibank/O1CN01fiS8UF1z22aEIHtrv_!!2207535316655-0-cib.jpg,https://cbu01.alicdn.com/img/ibank/O1CN01AH7YSH1z22aLlzhAV_!!2207535316655-0-cib.jpg}",0.0,双可售,80,true,false,,,2024-05-16 12:28:32.590 +0800,2024-05-16 12:31:23.850 +0800,,1,90,
93,1281,extension-https://detail.1688.com/offer/678516442235.html,https://detail.1688.com/offer/678516442235.html,Unisex Summer Quick-Dry Breathable Professional Marathon Running Socks,"",Nylon Socks,,,跑步袜男女夏季健身运动速干吸汗透气专业马拉松跑步袜提尔,"{https://img.alicdn.com/imgextra/i1/6000000001204/O1CN01MSC8RA1KlTSNOnicM_!!6000000001204-0-tbvideo.jpg,https://cbu01.alicdn.com/img/ibank/O1CN01bnkNAd1z22aMz3n0I_!!2207535316655-0-cib.jpg,https://cbu01.alicdn.com/img/ibank/O1CN019AUi411z22aMz274f_!!2207535316655-0-cib.jpg,https://cbu01.alicdn.com/img/ibank/O1CN01yTA0zk1z22aNpzOGV_!!2207535316655-0-cib.jpg,https://cbu01.alicdn.com/img/ibank/O1CN01pX5UDd1z22aGfgifv_!!2207535316655-0-cib.jpg,https://cbu01.alicdn.com/img/ibank/O1CN01wtsssd1z22a9h1kAb_!!2207535316655-0-cib.jpg,https://cbu01.alicdn.com/img/ibank/O1CN01UUl6Ey1z22aJYeH5i_!!2207535316655-0-cib.jpg,https://cbu01.alicdn.com/img/ibank/O1CN01GokprM1z22aJljgOT_!!2207535316655-0-cib.jpg,https://cbu01.alicdn.com/img/ibank/O1CN0149Rom61z22aGg0ahX_!!2207535316655-0-cib.jpg,https://cbu01.alicdn.com/img/ibank/O1CN01AsGcH41z22aKzavA3_!!2207535316655-0-cib.jpg,https://cbu01.alicdn.com/img/ibank/O1CN01fMmeLh1z22aBElZC6_!!2207535316655-0-cib.jpg,https://cbu01.alicdn.com/img/ibank/O1CN01fiS8UF1z22aEIHtrv_!!2207535316655-0-cib.jpg,https://cbu01.alicdn.com/img/ibank/O1CN01AH7YSH1z22aLlzhAV_!!2207535316655-0-cib.jpg}",0.0,双可售,80,true,false,,,2024-05-16 12:28:32.592 +0800,2024-05-16 12:31:58.742 +0800,,1,91,
94,1281,extension-https://detail.1688.com/offer/678516442235.html,https://detail.1688.com/offer/678516442235.html,Unisex Summer Quick-Dry Breathable Professional Marathon Running Socks,"",Nylon Socks,,,跑步袜男女夏季健身运动速干吸汗透气专业马拉松跑步袜提尔,"{https://img.alicdn.com/imgextra/i1/6000000001204/O1CN01MSC8RA1KlTSNOnicM_!!6000000001204-0-tbvideo.jpg,https://cbu01.alicdn.com/img/ibank/O1CN01bnkNAd1z22aMz3n0I_!!2207535316655-0-cib.jpg,https://cbu01.alicdn.com/img/ibank/O1CN019AUi411z22aMz274f_!!2207535316655-0-cib.jpg,https://cbu01.alicdn.com/img/ibank/O1CN01yTA0zk1z22aNpzOGV_!!2207535316655-0-cib.jpg,https://cbu01.alicdn.com/img/ibank/O1CN01pX5UDd1z22aGfgifv_!!2207535316655-0-cib.jpg,https://cbu01.alicdn.com/img/ibank/O1CN01wtsssd1z22a9h1kAb_!!2207535316655-0-cib.jpg,https://cbu01.alicdn.com/img/ibank/O1CN01UUl6Ey1z22aJYeH5i_!!2207535316655-0-cib.jpg,https://cbu01.alicdn.com/img/ibank/O1CN01GokprM1z22aJljgOT_!!2207535316655-0-cib.jpg,https://cbu01.alicdn.com/img/ibank/O1CN0149Rom61z22aGg0ahX_!!2207535316655-0-cib.jpg,https://cbu01.alicdn.com/img/ibank/O1CN01AsGcH41z22aKzavA3_!!2207535316655-0-cib.jpg,https://cbu01.alicdn.com/img/ibank/O1CN01fMmeLh1z22aBElZC6_!!2207535316655-0-cib.jpg,https://cbu01.alicdn.com/img/ibank/O1CN01fiS8UF1z22aEIHtrv_!!2207535316655-0-cib.jpg,https://cbu01.alicdn.com/img/ibank/O1CN01AH7YSH1z22aLlzhAV_!!2207535316655-0-cib.jpg}",0.0,双可售,80,true,false,,,2024-05-16 12:28:32.599 +0800,2024-05-16 12:32:17.076 +0800,,1,92,
95,1320,extension-https://detail.1688.com/offer/676573284784.html,https://detail.1688.com/offer/676573284784.html,Office Chair Commercial Staff Chair Gaming Comfortable Chair Lifting Swivel Computer Chair Office Chair,"",Office Chair with Adjustable Height,,,职员办公椅商用职员椅游戏舒适椅子升降转椅电脑椅办公室椅子,"{https://img.alicdn.com/imgextra/i2/6000000005933/O1CN01UJ35Lb1thMbLzEejw_!!6000000005933-0-tbvideo.jpg,https://cbu01.alicdn.com/img/ibank/O1CN01P5QJRa1u8O52dOCm7_!!2213222185992-0-cib.jpg,https://cbu01.alicdn.com/img/ibank/O1CN01DjTwlY1u8NzK4bDhI_!!2213222185992-0-cib.jpg,https://cbu01.alicdn.com/img/ibank/O1CN01nsmCSJ1u8NzAXFeIP_!!2213222185992-0-cib.jpg,https://cbu01.alicdn.com/img/ibank/O1CN01N0yuDV1u8NzH0OO9r_!!2213222185992-0-cib.jpg,https://cbu01.alicdn.com/img/ibank/O1CN01mqXulU1u8NzQp4XMN_!!2213222185992-0-cib.jpg,https://cbu01.alicdn.com/img/ibank/O1CN01DwrYQa1u8NyfaiX2N_!!2213222185992-0-cib.jpg,https://cbu01.alicdn.com/img/ibank/O1CN01jlOF041u8NydrZmCc_!!2213222185992-0-cib.jpg,https://cbu01.alicdn.com/img/ibank/O1CN01gKmeAA1u8NydjZJfK_!!2213222185992-0-cib.jpg,https://cbu01.alicdn.com/img/ibank/O1CN01NuA8mQ1u8Nyg38wpa_!!2213222185992-0-cib.jpg,https://cbu01.alicdn.com/img/ibank/O1CN01eQqTSw1u8NyfbKjRF_!!2213222185992-0-cib.jpg,https://cbu01.alicdn.com/img/ibank/O1CN01oepE1Y1u8NyiGqMpn_!!2213222185992-0-cib.jpg}",46230.0,把可售,80,true,false,,,2024-05-16 13:51:51.812 +0800,2024-05-17 18:31:11.946 +0800,,1,93,
96,1321,extension-https://detail.1688.com/offer/779682246245.html,https://detail.1688.com/offer/779682246245.html,Modern Simple Mesh Staff Office Chair Computer Chair Adjustable Rotating Comfortable Sitting Conference Chair Backrest Chair,"""Furniture>Office Furniture>Office Chairs""",Modern Simple Mesh Office Chair,,,现代简约网布职员办公椅电脑椅可升降旋转舒适久坐会议椅靠背椅,"{https://img.alicdn.com/imgextra/i2/6000000005257/O1CN01oc8WmC1ohl3utXVuL_!!6000000005257-0-tbvideo.jpg,https://cbu01.alicdn.com/img/ibank/O1CN01f6qinq1tMIaBcBKea_!!2215673625887-0-cib.jpg,https://cbu01.alicdn.com/img/ibank/O1CN016rjGpa1tMIaBpycoO_!!2215673625887-0-cib.jpg,https://cbu01.alicdn.com/img/ibank/O1CN01Xkxlba1tMIaAzBHkV_!!2215673625887-0-cib.jpg,https://cbu01.alicdn.com/img/ibank/O1CN01ToDMjL1tMIaD8sz9t_!!2215673625887-0-cib.jpg,https://cbu01.alicdn.com/img/ibank/O1CN01d2o39u1tMIa9b69c8_!!2215673625887-0-cib.jpg,https://cbu01.alicdn.com/img/ibank/O1CN01IDmGGL1tMIaAWzZYq_!!2215673625887-0-cib.jpg,https://cbu01.alicdn.com/img/ibank/O1CN01mrHjWD1tMIa7SGZVh_!!2215673625887-0-cib.jpg,https://cbu01.alicdn.com/img/ibank/O1CN01dm9H9o1tMIaAU3J6Y_!!2215673625887-0-cib.jpg,https://cbu01.alicdn.com/img/ibank/O1CN016tThFu1tMIaBKsjGV_!!2215673625887-0-cib.jpg,https://cbu01.alicdn.com/img/ibank/O1CN01OjkXRJ1tMIa8qpEj2_!!2215673625887-0-cib.jpg,https://cbu01.alicdn.com/img/ibank/O1CN01Vdcx3x1tMIa8qh2yG_!!2215673625887-0-cib.jpg,https://cbu01.alicdn.com/img/ibank/O1CN01Aukwzn1tMIa8SHEBo_!!2215673625887-0-cib.jpg,https://cbu01.alicdn.com/img/ibank/O1CN01RuhaVj1tMIa7STfI2_!!2215673625887-0-cib.jpg,https://cbu01.alicdn.com/img/ibank/O1CN01TyJ6Ct1tMIa7SVkDR_!!2215673625887-0-cib.jpg,https://cbu01.alicdn.com/img/ibank/O1CN01FBu6tp1tMIaAftHI6_!!2215673625887-0-cib.jpg,https://cdn.sourcy.ai/product_images/2024-05-17T10:39:59.822Z-4502a544-4cee-5119-ac57-1950c195e606.jpg}",19963.0,把可售,80,true,false,,,2024-05-16 13:58:37.418 +0800,2024-05-17 18:39:59.947 +0800,,1,94,2045
97,1322,extension-https://detail.1688.com/offer/601827531378.html,https://detail.1688.com/offer/601827531378.html,"4-Drawer Office File Cabinet","""Furniture>Cabinets & Storage>File Cabinets""",Four-Drawer Office File Cabinet,,,河洛乐华办公卡箱抽屉文件柜快捞挂劳柜二三四斗档案资料铁皮柜子,"{https://img.alicdn.com/imgextra/i2/6000000007898/O1CN01dwznyg28DKgLHu3PJ_!!6000000007898-0-tbvideo.jpg,https://cbu01.alicdn.com/img/ibank/11834910043_2048289620.jpg,https://cbu01.alicdn.com/img/ibank/11903576702_2048289620.jpg,https://cbu01.alicdn.com/img/ibank/11834883564_2048289620.jpg,https://cbu01.alicdn.com/img/ibank/11903597325_2048289620.jpg,https://cbu01.alicdn.com/img/ibank/11834886437_2048289620.jpg,https://cbu01.alicdn.com/img/ibank/2019/085/622/11871226580_2048289620.jpg,https://cbu01.alicdn.com/img/ibank/2019/929/709/11834907929_2048289620.jpg,https://cbu01.alicdn.com/img/ibank/2019/231/829/11834928132_2048289620.jpg,https://cbu01.alicdn.com/img/ibank/2019/258/019/11834910852_2048289620.jpg,https://cbu01.alicdn.com/img/ibank/2019/566/606/11903606665_2048289620.jpg,https://cbu01.alicdn.com/img/ibank/2019/850/952/11871259058_2048289620.jpg,https://cbu01.alicdn.com/img/ibank/O1CN01UwznBN1ov2LTmGeOM_!!2206381465286-0-cib.jpg,https://cbu01.alicdn.com/img/ibank/O1CN01YpAh2O1ov2LR9ht84_!!2206381465286-0-cib.jpg,https://cbu01.alicdn.com/img/ibank/O1CN01JkLB0l1ov2LDWqasD_!!2206381465286-0-cib.jpg,https://cbu01.alicdn.com/img/ibank/O1CN01nbe8df1ov2LRrjyxb_!!2206381465286-0-cib.jpg,https://cbu01.alicdn.com/img/ibank/O1CN013dRubB1ov2LR9nfAC_!!2206381465286-0-cib.jpg,https://cbu01.alicdn.com/img/ibank/O1CN01uQFPZ91ov2LMumIpr_!!2206381465286-0-cib.jpg,https://cbu01.alicdn.com/img/ibank/O1CN017nAyii1ov2LV79kge_!!2206381465286-0-cib.jpg,https://cbu01.alicdn.com/img/ibank/O1CN01r887MA1ov2LVm66pZ_!!2206381465286-0-cib.jpg,https://cbu01.alicdn.com/img/ibank/O1CN017dIUNL1ov2LLgmFlN_!!2206381465286-0-cib.jpg,https://cdn.sourcy.ai/product_images/2024-05-17T10:22:27.670Z-3842f694-f3bf-5e1a-b722-e63834a94a17.jpg}",29730.0,件可售,80,true,false,,,2024-05-16 14:04:01.938 +0800,2024-05-17 18:22:27.870 +0800,,1,95,463
98,1323,extension-https://detail.1688.com/offer/665335793587.html,https://detail.1688.com/offer/665335793587.html,Steel Office Filing Cabinet with Lock and Glass Door,"""Furniture>Cabinets & Storage>File Cabinets""",Steel Office Filing Cabinet,,,中二斗文件柜铁皮柜钢制办公柜资料柜档案柜带锁凭证柜玻璃,"{https://img.alicdn.com/imgextra/i3/6000000002723/O1CN01vrdTXu1VzB70pc8LH_!!6000000002723-0-tbvideo.jpg,https://cbu01.alicdn.com/img/ibank/O1CN013P5FK81tKvBOLaYk7_!!2209147215884-0-cib.jpg,https://cbu01.alicdn.com/img/ibank/O1CN01kdxOYN1tKvBRLds3q_!!2209147215884-0-cib.jpg,https://cbu01.alicdn.com/img/ibank/O1CN01q4igNc1tKvBRLfgMk_!!2209147215884-0-cib.jpg,https://cbu01.alicdn.com/img/ibank/O1CN0158Jn5V1tKvBK8wgzD_!!2209147215884-0-cib.jpg,https://cbu01.alicdn.com/img/ibank/O1CN01w5dl751Bs2jRoHu7V_!!0-0-cib.jpg,https://cbu01.alicdn.com/img/ibank/O1CN01nEU0V81tKvBHIN8zc_!!2209147215884-0-cib.jpg,https://cbu01.alicdn.com/img/ibank/O1CN016CeVnD1tKvBS3oknh_!!2209147215884-0-cib.jpg,https://cbu01.alicdn.com/img/ibank/O1CN013P5FK81tKvBOLaYk7_!!2209147215884-0-cib.jpg,https://cbu01.alicdn.com/img/ibank/O1CN01i09aAi1tKvBGdHnLC_!!2209147215884-0-cib.jpg,https://cbu01.alicdn.com/img/ibank/O1CN01LtUJTT1tKvBK8vcSi_!!2209147215884-0-cib.jpg,https://cbu01.alicdn.com/img/ibank/O1CN01XpGLEa1tKvBF3I46q_!!2209147215884-0-cib.jpg,https://cbu01.alicdn.com/img/ibank/O1CN01N2fF5y1tKvBF3KHKA_!!2209147215884-0-cib.jpg,https://cbu01.alicdn.com/img/ibank/O1CN019wmpcV1tKvBPWREHj_!!2209147215884-0-cib.jpg,https://cbu01.alicdn.com/img/ibank/O1CN010TjRr01tKvBRLfcBm_!!2209147215884-0-cib.jpg,https://cbu01.alicdn.com/img/ibank/O1CN01YlgvDv1tKvBQE1OOp_!!2209147215884-0-cib.jpg,https://cbu01.alicdn.com/img/ibank/O1CN01SxSar61tKvBOLZYN7_!!2209147215884-0-cib.jpg,https://cbu01.alicdn.com/img/ibank/O1CN019wmpcV1tKvBPWREHj_!!2209147215884-0-cib.jpg,https://cbu01.alicdn.com/img/ibank/O1CN01Z7pt3Q1tKvBF3JfwY_!!2209147215884-0-cib.jpg}",31200.0,个可售,80,true,false,,,2024-05-16 14:07:01.268 +0800,2024-05-16 14:20:05.316 +0800,,1,96,463
99,1324,extension-https://detail.1688.com/offer/777135099223.html,https://detail.1688.com/offer/777135099223.html,Full-Length Mirror for Bedroom Decor,"""Home & Garden>Decor>Mirrors""",Champagne Gold Full-Length Mirror,,,Q蕤2全身镜出租房卧室装饰落地镜网红温馨房间布置改造小家具穿衣,"{https://img.alicdn.com/imgextra/i2/6000000003008/O1CN01moV27O1Y5iJ5iPCcB_!!6000000003008-0-tbvideo.jpg,https://cbu01.alicdn.com/img/ibank/O1CN01HB2j6K2I6bOmFNZX8_!!2217624729237-0-cib.jpg,https://cbu01.alicdn.com/img/ibank/O1CN01Uop3d72I6bOtTyyzO_!!2217624729237-0-cib.jpg,https://cbu01.alicdn.com/img/ibank/O1CN01ZlLHUV2I6bOjZ5kQH_!!2217624729237-0-cib.jpg,https://cbu01.alicdn.com/img/ibank/O1CN01THgJys2I6bOp3xn4W_!!2217624729237-0-cib.jpg,https://cbu01.alicdn.com/img/ibank/O1CN01EZ3TuC2I6bOo4qmvC_!!2217624729237-0-cib.jpg,https://cbu01.alicdn.com/img/ibank/O1CN01CcmFhd2I6bOuJoyud_!!2217624729237-0-cib.jpg,https://cbu01.alicdn.com/img/ibank/O1CN01gvRY3X2I6bOtK3I10_!!2217624729237-0-cib.jpg,https://cbu01.alicdn.com/img/ibank/O1CN01tRhN6K2I6bOtK1kPE_!!2217624729237-0-cib.jpg,https://cbu01.alicdn.com/img/ibank/O1CN01ho802D2I6bOw4iMPb_!!2217624729237-0-cib.jpg,https://cbu01.alicdn.com/img/ibank/O1CN01HYgx7f2I6bOp40o9s_!!2217624729237-0-cib.jpg,https://cbu01.alicdn.com/img/ibank/O1CN01z5uwE92I6bOrtPC4H_!!2217624729237-0-cib.jpg,https://cbu01.alicdn.com/img/ibank/O1CN01K1MEGI2I6bOrK7jgX_!!2217624729237-0-cib.jpg,https://cbu01.alicdn.com/img/ibank/O1CN017Qns1o2I6bOsqqXWn_!!2217624729237-0-cib.jpg,https://cbu01.alicdn.com/img/ibank/O1CN01nw9zn52I6bOugXjGh_!!2217624729237-0-cib.jpg,https://cbu01.alicdn.com/img/ibank/O1CN01Dh9mnn2I6bOrATJ11_!!2217624729237-0-cib.jpg,https://cbu01.alicdn.com/img/ibank/O1CN01KtCQbP2I6bOjZ4PEV_!!2217624729237-0-cib.jpg,https://cbu01.alicdn.com/img/ibank/O1CN01wkqY782I6bOuJrWzf_!!2217624729237-0-cib.jpg,https://cbu01.alicdn.com/img/ibank/O1CN01XbSCzc2I6bOw4ixs1_!!2217624729237-0-cib.jpg,https://cbu01.alicdn.com/img/ibank/O1CN01puOGTU2I6bOuJrCDF_!!2217624729237-0-cib.jpg,https://cbu01.alicdn.com/img/ibank/O1CN01b8sRnA2I6bOjZ4wVY_!!2217624729237-0-cib.jpg,https://cbu01.alicdn.com/img/ibank/O1CN01Z0NxU52I6bOugVzBf_!!2217624729237-0-cib.jpg,https://cbu01.alicdn.com/img/ibank/O1CN01odk0Vn2I6bOtTyRhu_!!2217624729237-0-cib.jpg,https://cbu01.alicdn.com/img/ibank/O1CN01ctUKVv2I6bOr8Je4X_!!2217624729237-0-cib.jpg,https://cbu01.alicdn.com/img/ibank/O1CN01aoGSd72I6bOrK5n8Q_!!2217624729237-0-cib.jpg,https://cbu01.alicdn.com/img/ibank/O1CN01vQqeRt2I6bOvRjr5z_!!2217624729237-0-cib.jpg,https://cbu01.alicdn.com/img/ibank/O1CN01PYnxHV2I6bOrtPGHd_!!2217624729237-0-cib.jpg,https://cbu01.alicdn.com/img/ibank/O1CN01ulfKcP2I6bOvRmKvt_!!2217624729237-0-cib.jpg}",22000.0,件可售,80,true,false,,,2024-05-16 14:10:18.484 +0800,2024-05-17 18:22:54.825 +0800,,1,97,595
100,1325,extension-https://detail.1688.com/offer/776782622106.html,https://detail.1688.com/offer/776782622106.html,Insert Type Galvanized Logistics Platform Truck for Supermarket Handling and Express Clothing Factory Sorting and Transit Warehouse,"""Business & Industrial>Material Handling>Pallets & Loading Platforms""",Logistics Platform Truck with Wheels,,,插套式商超市搬运镀锌物流台车快递服装厂分拣周转车仓库,"{https://cbu01.alicdn.com/img/ibank/O1CN01I4vHIS20dQidloyzI_!!2217641146872-0-cib.jpg,https://cbu01.alicdn.com/img/ibank/O1CN01PRXXuP20dQhjfEkLR_!!2217641146872-0-cib.jpg,https://cbu01.alicdn.com/img/ibank/O1CN01qTGqRS20dQhiZ1lZr_!!2217641146872-0-cib.jpg,https://cbu01.alicdn.com/img/ibank/O1CN01TQUCX220dQhh5iRlk_!!2217641146872-0-cib.jpg,https://cbu01.alicdn.com/img/ibank/O1CN01lSXUHy20dQhdRmtoU_!!2217641146872-0-cib.jpg,https://cbu01.alicdn.com/img/ibank/O1CN0111ZvsY20dQhgPD0mP_!!2217641146872-0-cib.jpg,https://cbu01.alicdn.com/img/ibank/O1CN01Dxv6tu20dQhcVPc5v_!!2217641146872-0-cib.jpg,https://cbu01.alicdn.com/img/ibank/O1CN01wdxGxD20dQhfZB8I9_!!2217641146872-0-cib.jpg,https://cbu01.alicdn.com/img/ibank/O1CN01rXjYpe20dQhkWjoaX_!!2217641146872-0-cib.jpg}",0.0,units,80,true,false,,,2024-05-16 14:13:48.267 +0800,2024-05-17 18:25:50.280 +0800,,1,98,503011
101,1326,extension-https://detail.1688.com/offer/684586890987.html,https://detail.1688.com/offer/684586890987.html,Vintage Glass Juice Cup,"",Vintage High-footed Glass Cup,,,网红ins复古高脚咖啡杯水滴玻璃甜品杯果汁杯雪糕杯紅酒杯,"{https://cbu01.alicdn.com/img/ibank/O1CN01MFedFV2Bc16GZ2fF3_!!2209558038358-0-cib.jpg,https://cbu01.alicdn.com/img/ibank/O1CN0191JzVO2Bc160CSZmU_!!2209558038358-0-cib.jpg,https://cbu01.alicdn.com/img/ibank/O1CN01ONjdHr2Bc16HoSuRU_!!2209558038358-0-cib.jpg,https://cbu01.alicdn.com/img/ibank/O1CN01lRpP7D2Bc16Hon3CH_!!2209558038358-0-cib.jpg,https://cbu01.alicdn.com/img/ibank/O1CN01qlu7Db2Bc16IfUcTw_!!2209558038358-0-cib.jpg,https://cbu01.alicdn.com/img/ibank/O1CN01dYgHie2Bc169bBtk3_!!2209558038358-0-cib.jpg,https://cbu01.alicdn.com/img/ibank/O1CN01cflt9w2Bc167DiKHd_!!2209558038358-0-cib.jpg,https://cbu01.alicdn.com/img/ibank/O1CN01DOEI6N2Bc1650kgst_!!2209558038358-0-cib.jpg,https://cbu01.alicdn.com/img/ibank/O1CN01mGE5nA2Bc16Dv9ato_!!2209558038358-0-cib.jpg,https://cbu01.alicdn.com/img/ibank/O1CN011WYSvD2Bc16FnUzZX_!!2209558038358-0-cib.jpg,https://cdn.sourcy.ai/product_images/2024-05-17T10:28:54.840Z-97a88955-da30-59af-8bc6-5c6f7fddb790.jpg}",11620.0,个可售,80,true,false,,,2024-05-16 14:30:41.638 +0800,2024-05-17 18:28:55.036 +0800,,1,99,
102,1327,extension-https://detail.1688.com/offer/621197827974.html,https://detail.1688.com/offer/621197827974.html,White Melamine Tableware Round Plate Flat Plate Plastic Dish Vegetable Plate Dinner Plate Western Plate Commercial Round Plate Wholesale,"""Home & Garden>Kitchen & Dining>Tableware""",White Melamine Tableware Round Plate Plastic Dish,,,白色盘密胺餐具圆盘平盘塑料碟子菜盘餐盘西餐盘商用圆形盘子批发,"{https://img.alicdn.com/imgextra/i3/6000000005739/O1CN01REQX5h1sGVuvsZLOH_!!6000000005739-0-tbvideo.jpg,https://cbu01.alicdn.com/img/ibank/O1CN0158FWXu1p7rbB1hmh9_!!2372125314-0-cib.jpg,https://cbu01.alicdn.com/img/ibank/O1CN011Tdv6a1p7rb6R8F2Y_!!2372125314-0-cib.jpg,https://cbu01.alicdn.com/img/ibank/O1CN01zW9RtV1p7rb8PehMc_!!2372125314-0-cib.jpg,https://cbu01.alicdn.com/img/ibank/O1CN01zqKDyY1p7rR9mIs0V_!!2372125314-0-cib.jpg,https://cbu01.alicdn.com/img/ibank/O1CN01xIh6is1p7rZW8xEDZ_!!2372125314-0-cib.jpg,https://cbu01.alicdn.com/img/ibank/O1CN01Vd6M291p7rb1pKULb_!!2372125314-0-cib.jpg,https://cbu01.alicdn.com/img/ibank/O1CN01AUroh51p7raRH231p_!!2372125314-0-cib.jpg,https://cbu01.alicdn.com/img/ibank/O1CN01wfpI0V1p7raVhsKCJ_!!2372125314-0-cib.jpg,https://cbu01.alicdn.com/img/ibank/O1CN01A5EiX31p7raVht3yE_!!2372125314-0-cib.jpg,https://cbu01.alicdn.com/img/ibank/O1CN01f5CnCK1p7raPJYyFs_!!2372125314-0-cib.jpg,https://cbu01.alicdn.com/img/ibank/O1CN019SIBOG1p7raUKC2k1_!!2372125314-0-cib.jpg,https://cbu01.alicdn.com/img/ibank/O1CN017ODfxp1p7raXJbLHk_!!2372125314-0-cib.jpg,https://cbu01.alicdn.com/img/ibank/O1CN01wPlqvD1p7raIzv7r7_!!2372125314-0-cib.jpg,https://cbu01.alicdn.com/img/ibank/O1CN01daa9v41p7raSHvcQ6_!!2372125314-0-cib.jpg,https://cbu01.alicdn.com/img/ibank/O1CN01yJSYaN1p7raRH4jc8_!!2372125314-0-cib.jpg,https://cbu01.alicdn.com/img/ibank/O1CN01QF4TC61p7raNc7YGs_!!2372125314-0-cib.jpg,https://cbu01.alicdn.com/img/ibank/O1CN01GzlTzw1p7raWWmih3_!!2372125314-0-cib.jpg,https://cbu01.alicdn.com/img/ibank/O1CN011WvN3K1p7raOjPDHu_!!2372125314-0-cib.jpg,https://cbu01.alicdn.com/img/ibank/O1CN01Rci8xR1p7raVKtC64_!!2372125314-0-cib.jpg,https://cbu01.alicdn.com/img/ibank/O1CN01voiXJ61p7raRHGkEd_!!2372125314-0-cib.jpg,https://cbu01.alicdn.com/img/ibank/O1CN01ag3RLB1p7raTxoASt_!!2372125314-0-cib.jpg,https://cbu01.alicdn.com/img/ibank/O1CN01Ggg4Gb1p7raXJUpdU_!!2372125314-0-cib.jpg,https://cbu01.alicdn.com/img/ibank/O1CN01cT3mEj1p7raRH0ZRA_!!2372125314-0-cib.jpg,https://cbu01.alicdn.com/img/ibank/O1CN01ayIXMB1p7raWWrLnn_!!2372125314-0-cib.jpg,https://cbu01.alicdn.com/img/ibank/O1CN01xt1OXa1p7raIzpYae_!!2372125314-0-cib.jpg,https://cbu01.alicdn.com/img/ibank/O1CN01Gui5jz1p7rbpIOZnF_!!2372125314-0-cib.jpg,https://cbu01.alicdn.com/img/ibank/O1CN01T5Onyv1p7rbr3J2LP_!!2372125314-0-cib.jpg,https://cbu01.alicdn.com/img/ibank/O1CN01wTuUeN1p7rbpGqmQg_!!2372125314-0-cib.jpg,https://cbu01.alicdn.com/img/ibank/O1CN01ZPH9LD1p7rbky78kL_!!2372125314-0-cib.jpg,https://cbu01.alicdn.com/img/ibank/O1CN01u0WCax1p7raTxwpNc_!!2372125314-0-cib.jpg,https://cbu01.alicdn.com/img/ibank/O1CN01l76LV81p7raPJd4BQ_!!2372125314-0-cib.jpg,https://cbu01.alicdn.com/img/ibank/O1CN01G85alm1p7raTxusrg_!!2372125314-0-cib.jpg,https://cbu01.alicdn.com/img/ibank/O1CN01pU0fvI1p7raPJfoiY_!!2372125314-0-cib.jpg,https://cbu01.alicdn.com/img/ibank/O1CN01XMTyHC1p7raRHRp0G_!!2372125314-0-cib.jpg,https://cdn.sourcy.ai/product_images/2024-05-17T10:29:50.349Z-4f2271e9-534a-5201-883c-6a0a0fa5a670.jpg}",1447042.0,个可售,80,true,false,,,2024-05-16 14:31:52.225 +0800,2024-05-17 18:29:50.521 +0800,,1,100,672
103,1328,extension-https://detail.1688.com/offer/674223653165.html,https://detail.1688.com/offer/674223653165.html,Stainless Steel Cutlery Long Handle Pointed Ice Spoon Fruit Fork Household Eating Soup Round Spoon,"""Home & Garden>Kitchen & Dining>Tableware>Flatware""",Stainless Steel Cutlery,,,"1010不锈钢餐具多规格本色长柄尖头冰勺水果叉家用吃饭喝汤圆勺","{https://img.alicdn.com/imgextra/i2/6000000006576/O1CN01TAlAST1yRrHk1Vcpk_!!6000000006576-0-tbvideo.jpg,https://cbu01.alicdn.com/img/ibank/O1CN01RbQwlK1b1XMDXNtzA_!!2212830073405-0-cib.jpg,https://cbu01.alicdn.com/img/ibank/O1CN01I9TJB41b1XMP5SB15_!!2212830073405-0-cib.jpg,https://cbu01.alicdn.com/img/ibank/O1CN01L0ym4H1b1XMIPM5Qg_!!2212830073405-0-cib.jpg,https://cbu01.alicdn.com/img/ibank/O1CN01fXvz201b1XM75IY7m_!!2212830073405-0-cib.jpg,https://cbu01.alicdn.com/img/ibank/O1CN01gBThX61b1XMEERu9K_!!2212830073405-0-cib.jpg,https://cbu01.alicdn.com/img/ibank/O1CN01xHPNZq1b1XMOJ44cQ_!!2212830073405-0-cib.jpg,https://cbu01.alicdn.com/img/ibank/O1CN01zfyP0F1b1XMLWhg7r_!!2212830073405-0-cib.jpg,https://cbu01.alicdn.com/img/ibank/O1CN01wJjwTt1b1XMHknhMM_!!2212830073405-0-cib.jpg,https://cbu01.alicdn.com/img/ibank/O1CN01JRAfU11b1XMQKahMy_!!2212830073405-0-cib.jpg,https://cbu01.alicdn.com/img/ibank/O1CN01wBGuLQ1b1XMGytX0w_!!2212830073405-0-cib.jpg,https://cbu01.alicdn.com/img/ibank/O1CN01BA237d1b1XMDwkahY_!!2212830073405-0-cib.jpg,https://cbu01.alicdn.com/img/ibank/O1CN01gVpa191b1XMGyrr2V_!!2212830073405-0-cib.jpg,https://cbu01.alicdn.com/img/ibank/O1CN01fFHLSL1b1XMKalz25_!!2212830073405-0-cib.jpg,https://cbu01.alicdn.com/img/ibank/O1CN015pvtCf1b1XMCMtzPu_!!2212830073405-0-cib.jpg,https://cbu01.alicdn.com/img/ibank/O1CN01zeQ0601b1XMNYXqN3_!!2212830073405-0-cib.jpg,https://cbu01.alicdn.com/img/ibank/O1CN01J9bOXj1b1XMKak2VD_!!2212830073405-0-cib.jpg,https://cbu01.alicdn.com/img/ibank/O1CN01zRlF1R1b1XMGyuXU7_!!2212830073405-0-cib.jpg,https://cbu01.alicdn.com/img/ibank/O1CN01ECxH2l1b1XMPVFefh_!!2212830073405-0-cib.jpg,https://cbu01.alicdn.com/img/ibank/O1CN01zkN8I11b1XM7UfRCU_!!2212830073405-0-cib.jpg,https://cbu01.alicdn.com/img/ibank/O1CN01At7iAj1b1XMLXNAVx_!!2212830073405-0-cib.jpg,https://cbu01.alicdn.com/img/ibank/O1CN01Qc8Odo1b1XMHktoC8_!!2212830073405-0-cib.jpg,https://cbu01.alicdn.com/img/ibank/O1CN0136gjdQ1b1XMOJhgT5_!!2212830073405-0-cib.jpg,https://cbu01.alicdn.com/img/ibank/O1CN01GvC2gn1b1XRAGiMIc_!!2212830073405-0-cib.jpg,https://cbu01.alicdn.com/img/ibank/O1CN01K7eEUX1b1XR4yz2UL_!!2212830073405-0-cib.jpg,https://cbu01.alicdn.com/img/ibank/O1CN01nj8IUI1b1XRBv9x7P_!!2212830073405-0-cib.jpg,https://cbu01.alicdn.com/img/ibank/O1CN01tdHeWA1b1XR9Crqlh_!!2212830073405-0-cib.jpg,https://cbu01.alicdn.com/img/ibank/O1CN01xc3Q2l1b1XR2uLGaq_!!2212830073405-0-cib.jpg}",2164432.0,支可售,80,true,false,,,2024-05-16 14:39:49.804 +0800,2024-05-17 18:40:21.015 +0800,,1,101,675
105,1330,extension-https://detail.1688.com/offer/35646463320.html,https://detail.1688.com/offer/35646463320.html,Wholesale Porcelain Soup Bowl Japanese Style Restaurant Rice Bowl Creative Melamine Noodle Bowl,"""Home & Garden>Kitchen & Dining>Tableware>Dinnerware>Bowls""",Porcelain Bowl Rice Bowl Melamine,,,仿瓷批发汤碗圆碗日式碗商用餐馆小碗大碗米饭碗创意密胺面碗餐具,"{https://cbu01.alicdn.com/img/ibank/O1CN01exDMkS1cMR3glDvxP_!!1726593586-0-cib.jpg,https://cbu01.alicdn.com/img/ibank/O1CN01Fc0yVv1cMR4XYdxnO_!!1726593586-0-cib.jpg,https://cbu01.alicdn.com/img/ibank/O1CN018YrcdT1cMR4ZqkE6J_!!1726593586-0-cib.jpg,https://cbu01.alicdn.com/img/ibank/O1CN014wdjUJ1cMR4c174dK_!!1726593586-0-cib.jpg,https://cbu01.alicdn.com/img/ibank/O1CN01Kb25cd1cMR4YK5CKD_!!1726593586-0-cib.jpg,https://cbu01.alicdn.com/img/ibank/O1CN01FFCtxI1cMRCKCj4bu_!!1726593586-0-cib.jpg,https://cbu01.alicdn.com/img/ibank/9417882479_1750269111.jpg,https://cbu01.alicdn.com/img/ibank/O1CN01M9GtyC1cMRCGMHODY_!!1726593586-0-cib.jpg,https://cbu01.alicdn.com/img/ibank/O1CN01aPhSzi1cMRCGKRWRB_!!1726593586-0-cib.jpg,https://cbu01.alicdn.com/img/ibank/O1CN01d3ijTF1cMRCGOCwnL_!!1726593586-0-cib.jpg,https://cbu01.alicdn.com/img/ibank/O1CN01INK9E51cMRCGMM5O2_!!1726593586-0-cib.jpg,https://cbu01.alicdn.com/img/ibank/O1CN01GyUa4X1cMRCHJgzYx_!!1726593586-0-cib.jpg,https://cbu01.alicdn.com/img/ibank/9309395403_1750269111.jpg,https://cbu01.alicdn.com/img/ibank/9309401303_1750269111.jpg,https://cbu01.alicdn.com/img/ibank/9266451939_1750269111.jpg,https://cbu01.alicdn.com/img/ibank/9309407238_1750269111.jpg,https://cbu01.alicdn.com/img/ibank/9290860224_1750269111.jpg,https://cbu01.alicdn.com/img/ibank/9266466743_1750269111.jpg,https://cbu01.alicdn.com/img/ibank/9290833938_1750269111.jpg,https://cbu01.alicdn.com/img/ibank/9309392584_1750269111.jpg,https://cbu01.alicdn.com/img/ibank/9266454966_1750269111.jpg,https://cbu01.alicdn.com/img/ibank/9266463899_1750269111.jpg,https://cbu01.alicdn.com/img/ibank/9309389945_1750269111.jpg,https://cbu01.alicdn.com/img/ibank/4344490649_1750269111.jpg,https://cbu01.alicdn.com/img/ibank/4344493428_1750269111.jpg,https://cbu01.alicdn.com/img/ibank/10222087394_1750269111.jpg,https://cbu01.alicdn.com/img/ibank/O1CN01HPTOcx1cMQwKKxWcK_!!1726593586-0-cib.jpg,https://cbu01.alicdn.com/img/ibank/O1CN01HdumLK1cMQwKL31xc_!!1726593586-0-cib.jpg,https://cbu01.alicdn.com/img/ibank/O1CN01ObRPqK1cMRCEPRv2Y_!!1726593586-0-cib.jpg,https://cbu01.alicdn.com/img/ibank/O1CN014dzUPA1cMQwMJGIgF_!!1726593586-0-cib.jpg,https://cbu01.alicdn.com/img/ibank/9417876794_1750269111.jpg,https://cbu01.alicdn.com/img/ibank/O1CN01kQsR0h1cMR7sruW5f_!!1726593586-0-cib.jpg,https://cbu01.alicdn.com/img/ibank/O1CN01wScC1G1cMR80bGx04_!!1726593586-0-cib.jpg,https://cbu01.alicdn.com/img/ibank/O1CN01xvOJSC1cMR7ueSLqS_!!1726593586-0-cib.jpg,https://cbu01.alicdn.com/img/ibank/O1CN01SRU8Dp1cMR7oqVFNt_!!1726593586-0-cib.jpg,https://cbu01.alicdn.com/img/ibank/O1CN01fqdeuG1cMR7ueUMd7_!!1726593586-0-cib.jpg,https://cbu01.alicdn.com/img/ibank/O1CN01G48AKz1cMR7qpJV1j_!!1726593586-0-cib.jpg,https://cbu01.alicdn.com/img/ibank/O1CN01wNQk6h1cMRCKCvMMe_!!1726593586-0-cib.jpg,https://cbu01.alicdn.com/img/ibank/O1CN01VZ3XhA1cMRC8CGOkh_!!1726593586-0-cib.jpg,https://cbu01.alicdn.com/img/ibank/O1CN01wgZlLA1cMRCDu6uRP_!!1726593586-0-cib.jpg,https://cbu01.alicdn.com/img/ibank/O1CN01lx9b4r1cMRCKD1GR2_!!1726593586-0-cib.jpg,https://cdn.sourcy.ai/product_images/2024-05-17T10:31:05.876Z-ec15a8c6-6d2d-599e-a438-7c1bd4ab389a.jpg}",1691445.0,个可售,80,true,false,,,2024-05-16 14:44:46.162 +0800,2024-05-17 18:31:06.048 +0800,,1,103,3498
106,1331,extension-https://detail.1688.com/offer/778093994734.html,https://detail.1688.com/offer/778093994734.html,Simple Desk with Lock and Drawer for Home Office,"""Furniture>Office Furniture>Desks""",Simple Office Desk with Drawers,,,办公桌家用台式电脑桌简约桌子工作台带锁带抽屉书桌职员桌椅组合,"{https://img.alicdn.com/imgextra/i4/6000000003214/O1CN01rPhP9c1Zc3t6ZDO9l_!!6000000003214-0-tbvideo.jpg,https://cbu01.alicdn.com/img/ibank/O1CN01oWjIiR1ik9QytAYDe_!!2217136694450-0-cib.jpg,https://cbu01.alicdn.com/img/ibank/O1CN01zUWQR41ik9PQ52mgL_!!2217136694450-0-cib.jpg,https://cbu01.alicdn.com/img/ibank/O1CN0101HKnb1ik9PT7CbsM_!!2217136694450-0-cib.jpg,https://cbu01.alicdn.com/img/ibank/O1CN01sYTxw71ik9POYjht1_!!2217136694450-0-cib.jpg,https://cbu01.alicdn.com/img/ibank/O1CN01bzywFx1ik9QziiYVd_!!2217136694450-0-cib.jpg,https://cbu01.alicdn.com/img/ibank/O1CN01grU3XJ1ik9PT83JNQ_!!2217136694450-0-cib.jpg,https://cbu01.alicdn.com/img/ibank/O1CN01p2GKyy1ik9PT81649_!!2217136694450-0-cib.jpg,https://cbu01.alicdn.com/img/ibank/O1CN01m8ph8y1ik9POZQChB_!!2217136694450-0-cib.jpg,https://cbu01.alicdn.com/img/ibank/O1CN01gCiG4o1ik9PNfVF3l_!!2217136694450-0-cib.jpg,https://cbu01.alicdn.com/img/ibank/O1CN01FZOl2M1ik9PSS4NEj_!!2217136694450-0-cib.jpg,https://cbu01.alicdn.com/img/ibank/O1CN01iggu1m1ik9POaXTvC_!!2217136694450-0-cib.jpg,https://cbu01.alicdn.com/img/ibank/O1CN01y21e6k1ik9PQ5ovAQ_!!2217136694450-0-cib.jpg,https://cbu01.alicdn.com/img/ibank/O1CN01OqDoLz1ik9PKHBJSZ_!!2217136694450-0-cib.jpg,https://cbu01.alicdn.com/img/ibank/O1CN01YQYeCX1ik9PRIhGv6_!!2217136694450-0-cib.jpg,https://cbu01.alicdn.com/img/ibank/O1CN01oCdMnP1ik9PFiB4Ep_!!2217136694450-0-cib.jpg,https://cbu01.alicdn.com/img/ibank/O1CN01X9i3Ds1ik9PQ8JSsj_!!2217136694450-0-cib.jpg,https://cbu01.alicdn.com/img/ibank/O1CN01RsOPKT1ik9PNhsCTz_!!2217136694450-0-cib.jpg,https://cbu01.alicdn.com/img/ibank/O1CN01Ue3nJI1ik9PRhfvpQ_!!2217136694450-0-cib.jpg,https://cbu01.alicdn.com/img/ibank/O1CN01jyYBd81ik9PSUbnyf_!!2217136694450-0-cib.jpg,https://cbu01.alicdn.com/img/ibank/O1CN01Dh9YFD1ik9PObw1Vh_!!2217136694450-0-cib.jpg,https://cbu01.alicdn.com/img/ibank/O1CN01xmv7TF1ik9PNjJgeK_!!2217136694450-0-cib.jpg,https://cbu01.alicdn.com/img/ibank/O1CN01IjvcSs1ik9PLP73Kh_!!2217136694450-0-cib.jpg,https://cbu01.alicdn.com/img/ibank/O1CN018BH28A1ik9PSUX2Fx_!!2217136694450-0-cib.jpg,https://cbu01.alicdn.com/img/ibank/O1CN01WYKuPR1ik9POcneyY_!!2217136694450-0-cib.jpg}",189934.0,件可售,80,true,false,,,2024-05-16 14:57:15.668 +0800,2024-05-17 18:31:53.894 +0800,,1,104,4191
107,1332,extension-https://detail.1688.com/offer/773609159111.html,https://detail.1688.com/offer/773609159111.html,Comfortable Computer Chair Office Chair Adjustable Study Backrest Chair Home Rotating Stool,"""Furniture>Chairs""",Comfortable Office Chair with Adjustable Backrest,,,电脑椅久坐舒服办公座椅宿舍可调节学习靠背椅家用舒适可旋转凳子,"{https://img.alicdn.com/imgextra/i2/6000000000362/O1CN01nd6a4W1EXqIx66syU_!!6000000000362-0-tbvideo.jpg,https://cbu01.alicdn.com/img/ibank/O1CN01uby8MD1IC5xziFocC_!!2217544030856-0-cib.jpg,https://cbu01.alicdn.com/img/ibank/O1CN01OZW3ho1IC5xvnlz1G_!!2217544030856-0-cib.jpg,https://cbu01.alicdn.com/img/ibank/O1CN01INJJKC1IC5y2avoQx_!!2217544030856-0-cib.jpg,https://cbu01.alicdn.com/img/ibank/O1CN01PocokN1IC5y2avg7T_!!2217544030856-0-cib.jpg,https://cbu01.alicdn.com/img/ibank/O1CN01FSHCRf1Bs2w0YLFso_!!0-0-cib.jpg,https://cbu01.alicdn.com/img/ibank/O1CN01uMDp2Z1IC5xwmCtRS_!!2217544030856-0-cib.jpg,https://cbu01.alicdn.com/img/ibank/O1CN01pF4WWd1IC5xzmtkdM_!!2217544030856-0-cib.jpg,https://cbu01.alicdn.com/img/ibank/O1CN01A3BqR81IC5xxCCO5l_!!2217544030856-0-cib.jpg,https://cbu01.alicdn.com/img/ibank/O1CN01Ta33Bm1IC5y2asG09_!!2217544030856-0-cib.jpg,https://cbu01.alicdn.com/img/ibank/O1CN01SbXKGS1IC5xvnk6Zj_!!2217544030856-0-cib.jpg,https://cbu01.alicdn.com/img/ibank/O1CN01ijH7Ks1IC5y3KwDqz_!!2217544030856-0-cib.jpg,https://cbu01.alicdn.com/img/ibank/O1CN01YgEg3J1IC5y0hlvQn_!!2217544030856-0-cib.jpg,https://cbu01.alicdn.com/img/ibank/O1CN0144RxsT1IC5xzmvIJ1_!!2217544030856-0-cib.jpg,https://cbu01.alicdn.com/img/ibank/O1CN01bd0xAh1IC5y1LF2vm_!!2217544030856-0-cib.jpg,https://cbu01.alicdn.com/img/ibank/O1CN01Ta33Bm1IC5y2asG09_!!2217544030856-0-cib.jpg,https://cbu01.alicdn.com/img/ibank/O1CN01SbXKGS1IC5xvnk6Zj_!!2217544030856-0-cib.jpg,https://cbu01.alicdn.com/img/ibank/O1CN01ijH7Ks1IC5y3KwDqz_!!2217544030856-0-cib.jpg,https://cbu01.alicdn.com/img/ibank/O1CN01YgEg3J1IC5y0hlvQn_!!2217544030856-0-cib.jpg,https://cbu01.alicdn.com/img/ibank/O1CN0144RxsT1IC5xzmvIJ1_!!2217544030856-0-cib.jpg,https://cbu01.alicdn.com/img/ibank/O1CN01bd0xAh1IC5y1LF2vm_!!2217544030856-0-cib.jpg,https://cbu01.alicdn.com/img/ibank/O1CN01Qcm9Tg1IC5xwmGJYi_!!2217544030856-0-cib.jpg,https://cbu01.alicdn.com/img/ibank/O1CN01gqxPKc1IC5xyyJ5r8_!!2217544030856-0-cib.jpg,https://cbu01.alicdn.com/img/ibank/O1CN01oasNRL1IC5xzmtPuc_!!2217544030856-0-cib.jpg,https://cbu01.alicdn.com/img/ibank/O1CN01MQSXph1IC5xziFPdo_!!2217544030856-0-cib.jpg,https://cbu01.alicdn.com/img/ibank/O1CN01SQ4QFq1IC5y1LDRBI_!!2217544030856-0-cib.jpg,https://cbu01.alicdn.com/img/ibank/O1CN01PlqgUq1IC5y2aujuo_!!2217544030856-0-cib.jpg,https://cbu01.alicdn.com/img/ibank/O1CN0186T3EN1IC5xwmHWQK_!!2217544030856-0-cib.jpg,https://cbu01.alicdn.com/img/ibank/O1CN01RJ0yPC1IC5y0hmOay_!!2217544030856-0-cib.jpg,https://cbu01.alicdn.com/img/ibank/O1CN01kdsJ3I1IC5xwmGqrP_!!2217544030856-0-cib.jpg,https://cbu01.alicdn.com/img/ibank/O1CN01MQSXph1IC5xziFPdo_!!2217544030856-0-cib.jpg,https://cbu01.alicdn.com/img/ibank/O1CN01SQ4QFq1IC5y1LDRBI_!!2217544030856-0-cib.jpg,https://cbu01.alicdn.com/img/ibank/O1CN01PlqgUq1IC5y2aujuo_!!2217544030856-0-cib.jpg,https://cbu01.alicdn.com/img/ibank/O1CN0186T3EN1IC5xwmHWQK_!!2217544030856-0-cib.jpg,https://cbu01.alicdn.com/img/ibank/O1CN01RJ0yPC1IC5y0hmOay_!!2217544030856-0-cib.jpg,https://cbu01.alicdn.com/img/ibank/O1CN01kdsJ3I1IC5xwmGqrP_!!2217544030856-0-cib.jpg}",60000.0,个可售,80,true,false,,,2024-05-16 15:05:01.809 +0800,2024-05-17 18:32:12.473 +0800,,1,105,443
378,1564,extension-https://detail.1688.com/offer/770486662191.html,https://detail.1688.com/offer/770486662191.html,Solid Wood Tray Walnut Rectangular Tea Tray Household Tea Cup Tray Fruit Tray High-value Tray with Logo,"",Solid Wood Tray Rectangular,,,实木托盘茶盘胡桃木质长方形家用放茶杯盘水果盘高颜值托盘印logo,"{https://img.alicdn.com/imgextra/i4/6000000005899/O1CN01TSBrft1tRnJxbHU59_!!6000000005899-0-tbvideo.jpg,https://cbu01.alicdn.com/img/ibank/O1CN011ateYJ1kwdRxi9VlN_!!2216820124748-0-cib.jpg,https://cbu01.alicdn.com/img/ibank/O1CN01RcJaVI1kwdRvkm4A8_!!2216820124748-0-cib.jpg,https://cbu01.alicdn.com/img/ibank/O1CN01DYHN491kwdRvkimOm_!!2216820124748-0-cib.jpg,https://cbu01.alicdn.com/img/ibank/O1CN01UJv3sz1kwdRxi8Enz_!!2216820124748-0-cib.jpg,https://cbu01.alicdn.com/img/ibank/O1CN01Q8cJUM1kwdRupcEpd_!!2216820124748-0-cib.jpg,https://cbu01.alicdn.com/img/ibank/O1CN01SRi8Bm1kwdRyTHL8A_!!2216820124748-0-cib.jpg,https://cbu01.alicdn.com/img/ibank/O1CN01HhMwGx1kwdRxJXPR4_!!2216820124748-0-cib.jpg,https://cbu01.alicdn.com/img/ibank/O1CN01X4zfot1kwdRtykjRV_!!2216820124748-0-cib.jpg,https://cbu01.alicdn.com/img/ibank/O1CN01OVRK9o1kwdRwE3ieY_!!2216820124748-0-cib.jpg,https://cbu01.alicdn.com/img/ibank/O1CN01O8hZfk1kwdRz7kDoT_!!2216820124748-0-cib.jpg,https://cbu01.alicdn.com/img/ibank/O1CN01TqcrYW1kwdRsArBss_!!2216820124748-0-cib.jpg,https://cbu01.alicdn.com/img/ibank/O1CN01ArXCoY1kwdRxiAS76_!!2216820124748-0-cib.jpg,https://cbu01.alicdn.com/img/ibank/O1CN0148KDRo1kwdRxJWo3T_!!2216820124748-0-cib.jpg,https://cbu01.alicdn.com/img/ibank/O1CN01x57Aoz1kwdRmAmOml_!!2216820124748-0-cib.jpg,https://cbu01.alicdn.com/img/ibank/O1CN01TkuDau1kwdRsAu4iu_!!2216820124748-0-cib.jpg,https://cbu01.alicdn.com/img/ibank/O1CN01suiA3B1kwdRqjBRlP_!!2216820124748-0-cib.jpg,https://cbu01.alicdn.com/img/ibank/O1CN01dMja2T1kwdRxJXoRa_!!2216820124748-0-cib.jpg,https://cbu01.alicdn.com/img/ibank/O1CN01Bwinzr1kwdRwRXswP_!!2216820124748-0-cib.jpg}",69539.0,个可售,80,true,false,,,2024-05-23 17:50:16.903 +0800,2024-05-28 17:15:21.599 +0800,,1,364,
379,1564,extension-https://detail.1688.com/offer/770486662191.html,https://detail.1688.com/offer/770486662191.html,Solid Wood Tray Walnut Rectangular Tea Tray Household Tea Cup Tray Fruit Tray High-value Tray with Logo,"""Home & Garden>Kitchen & Dining>Tableware>Serveware>Serving Trays""",Solid Wood Tray Rectangular,,,实木托盘茶盘胡桃木质长方形家用放茶杯盘水果盘高颜值托盘印logo,"{https://img.alicdn.com/imgextra/i4/6000000005899/O1CN01TSBrft1tRnJxbHU59_!!6000000005899-0-tbvideo.jpg,https://cbu01.alicdn.com/img/ibank/O1CN011ateYJ1kwdRxi9VlN_!!2216820124748-0-cib.jpg,https://cbu01.alicdn.com/img/ibank/O1CN01RcJaVI1kwdRvkm4A8_!!2216820124748-0-cib.jpg,https://cbu01.alicdn.com/img/ibank/O1CN01DYHN491kwdRvkimOm_!!2216820124748-0-cib.jpg,https://cbu01.alicdn.com/img/ibank/O1CN01UJv3sz1kwdRxi8Enz_!!2216820124748-0-cib.jpg,https://cbu01.alicdn.com/img/ibank/O1CN01Q8cJUM1kwdRupcEpd_!!2216820124748-0-cib.jpg,https://cbu01.alicdn.com/img/ibank/O1CN01SRi8Bm1kwdRyTHL8A_!!2216820124748-0-cib.jpg,https://cbu01.alicdn.com/img/ibank/O1CN01HhMwGx1kwdRxJXPR4_!!2216820124748-0-cib.jpg,https://cbu01.alicdn.com/img/ibank/O1CN01X4zfot1kwdRtykjRV_!!2216820124748-0-cib.jpg,https://cbu01.alicdn.com/img/ibank/O1CN01OVRK9o1kwdRwE3ieY_!!2216820124748-0-cib.jpg,https://cbu01.alicdn.com/img/ibank/O1CN01O8hZfk1kwdRz7kDoT_!!2216820124748-0-cib.jpg,https://cbu01.alicdn.com/img/ibank/O1CN01TqcrYW1kwdRsArBss_!!2216820124748-0-cib.jpg,https://cbu01.alicdn.com/img/ibank/O1CN01ArXCoY1kwdRxiAS76_!!2216820124748-0-cib.jpg,https://cbu01.alicdn.com/img/ibank/O1CN0148KDRo1kwdRxJWo3T_!!2216820124748-0-cib.jpg,https://cbu01.alicdn.com/img/ibank/O1CN01x57Aoz1kwdRmAmOml_!!2216820124748-0-cib.jpg,https://cbu01.alicdn.com/img/ibank/O1CN01TkuDau1kwdRsAu4iu_!!2216820124748-0-cib.jpg,https://cbu01.alicdn.com/img/ibank/O1CN01suiA3B1kwdRqjBRlP_!!2216820124748-0-cib.jpg,https://cbu01.alicdn.com/img/ibank/O1CN01dMja2T1kwdRxJXoRa_!!2216820124748-0-cib.jpg,https://cbu01.alicdn.com/img/ibank/O1CN01Bwinzr1kwdRwRXswP_!!2216820124748-0-cib.jpg}",69539.0,个可售,80,true,false,,,2024-05-23 17:50:16.904 +0800,2024-05-23 18:06:12.912 +0800,,1,363,4009
387,1567,extension-https://detail.1688.com/offer/749460390672.html,https://detail.1688.com/offer/749460390672.html,Amazon Wheat Straw Bowl Plate Cup 8-Person Outdoor Tableware Set,"",Wheat Straw Bowl Plate Cup Tableware Set,,,亚马逊小麦秸秆碗碟盘杯8人份户外家用餐盘汤碗水杯餐具礼品套装,"{https://cbu01.alicdn.com/img/ibank/O1CN01u9KAWP1gsjaG9sStQ_!!2213261904198-0-cib.jpg,https://cbu01.alicdn.com/img/ibank/O1CN01SZuauy1gsjaBDzF4E_!!2213261904198-0-cib.jpg,https://cbu01.alicdn.com/img/ibank/O1CN018LmIhO1gsjaCqHAeW_!!2213261904198-0-cib.jpg,https://cbu01.alicdn.com/img/ibank/O1CN0100jdtv1gsjaADk5O0_!!2213261904198-0-cib.jpg,https://cbu01.alicdn.com/img/ibank/O1CN016oce0x1gsjaDC3S4f_!!2213261904198-0-cib.jpg,https://cbu01.alicdn.com/img/ibank/O1CN01A5v0N81gsjaAFStDI_!!2213261904198-0-cib.jpg,https://cbu01.alicdn.com/img/ibank/O1CN017cSYT21gsja1zo8Uh_!!2213261904198-0-cib.jpg,https://cbu01.alicdn.com/img/ibank/O1CN01A7irjc1gsjaAFWVq3_!!2213261904198-0-cib.jpg,https://cbu01.alicdn.com/img/ibank/O1CN01jiK3vq1gsjaAEaJbR_!!2213261904198-0-cib.jpg,https://cbu01.alicdn.com/img/ibank/O1CN01ry609C1gsja6ajbnl_!!2213261904198-0-cib.jpg,https://cbu01.alicdn.com/img/ibank/O1CN01vj2NeO1gsja7hxupS_!!2213261904198-0-cib.jpg,https://cbu01.alicdn.com/img/ibank/O1CN01XRij8q1gsja6ak50Z_!!2213261904198-0-cib.jpg,https://cbu01.alicdn.com/img/ibank/O1CN0182sT5y1gsjaCr99ID_!!2213261904198-0-cib.jpg,https://cbu01.alicdn.com/img/ibank/O1CN01pfzINU1gsjaBEiUie_!!2213261904198-0-cib.jpg,https://cbu01.alicdn.com/img/ibank/O1CN01Zy6HrU1gsjaGAmFtP_!!2213261904198-0-cib.jpg,https://cbu01.alicdn.com/img/ibank/O1CN01GX8lp11gsjaGAmSQw_!!2213261904198-0-cib.jpg,https://cbu01.alicdn.com/img/ibank/O1CN01X0eOWu1gsja6aoVh2_!!2213261904198-0-cib.jpg,https://cbu01.alicdn.com/img/ibank/O1CN01InTvrp1gsjaGAnbAc_!!2213261904198-0-cib.jpg,https://cbu01.alicdn.com/img/ibank/O1CN01BUlHsC1gsja1zwzux_!!2213261904198-0-cib.jpg,https://cbu01.alicdn.com/img/ibank/O1CN01jfM7VV1gsjaGAqPul_!!2213261904198-0-cib.jpg,https://cbu01.alicdn.com/img/ibank/O1CN01ow2ADb1gsjaFNUxwe_!!2213261904198-0-cib.jpg,https://cbu01.alicdn.com/img/ibank/O1CN01NWprHg1gsjaBEos7B_!!2213261904198-0-cib.jpg,https://cbu01.alicdn.com/img/ibank/O1CN01hWhOuW1gsjaEY5gjD_!!2213261904198-0-cib.jpg,https://cbu01.alicdn.com/img/ibank/O1CN012ptGe81gsja200cgX_!!2213261904198-0-cib.jpg,https://cbu01.alicdn.com/img/ibank/O1CN01DdS5t21gsjaAEhlmK_!!2213261904198-0-cib.jpg,https://cbu01.alicdn.com/img/ibank/O1CN01HofvLk1gsjaFNZC8L_!!2213261904198-0-cib.jpg,https://cbu01.alicdn.com/img/ibank/O1CN01fF9Gfa1gsjaCKSct1_!!2213261904198-0-cib.jpg,https://cbu01.alicdn.com/img/ibank/O1CN01CgnTRK1gsjaEY8EwT_!!2213261904198-0-cib.jpg,https://cbu01.alicdn.com/img/ibank/O1CN01Zetnao1gsjaAFjTDi_!!2213261904198-0-cib.jpg,https://cbu01.alicdn.com/img/ibank/O1CN01vAEtDp1gsja2057YS_!!2213261904198-0-cib.jpg,https://cbu01.alicdn.com/img/ibank/O1CN01ffnK441gsjaEY9No9_!!2213261904198-0-cib.jpg,https://cbu01.alicdn.com/img/ibank/O1CN01WbrRJQ1gsja205j3o_!!2213261904198-0-cib.jpg,https://cbu01.alicdn.com/img/ibank/O1CN01UCHh4R1gsjaEDwqxm_!!2213261904198-0-cib.jpg,https://cbu01.alicdn.com/img/ibank/O1CN01oNUOYJ1gsja6b1Sus_!!2213261904198-0-cib.jpg}",28999803,套可售,80,true,false,,,2024-05-23 18:02:39.865 +0800,2024-05-28 17:09:59.608 +0800,,1,372,
391,1569,extension-https://detail.1688.com/offer/756763019787.html,https://detail.1688.com/offer/756763019787.html,Bamboo Wood Tray Rectangular Household Dining Plate Tableware Wooden Dessert Plate Hotel Tea Tray with Handle Bamboo Tray Commercial,"",Bamboo Wood Tray Rectangular,,,竹木托盘长方形家用餐盘餐具木质点心盘酒店茶盘带把手竹盘子商用,"{https://cbu01.alicdn.com/img/ibank/O1CN01uHzUUg1LWeXhSIRRt_!!0-item_pic.jpg,https://cbu01.alicdn.com/img/ibank/O1CN01rt6seo1LWeXgmWawi_!!0-item_pic.jpg,https://cbu01.alicdn.com/img/ibank/O1CN01S2JVDI1LWeXeTAeam_!!2211430651307.jpg,https://cbu01.alicdn.com/img/ibank/O1CN01KZjFAB1LWeXeT8yce_!!2211430651307.jpg,https://cbu01.alicdn.com/img/ibank/O1CN01SASECf1LWeXfZdEjE_!!2211430651307.jpg,https://cbu01.alicdn.com/img/ibank/O1CN019DgFSl1LWeXfZe6oM_!!2211430651307.jpg,https://cbu01.alicdn.com/img/ibank/O1CN01h1GRj51LWeXc4AxQ9_!!2211430651307.jpg,https://cbu01.alicdn.com/img/ibank/O1CN01uu6NGz1LWeXgqvxw9_!!2211430651307.jpg,https://cbu01.alicdn.com/img/ibank/O1CN01K9P8Oc1LWeXcckxh2_!!2211430651307.jpg,https://cbu01.alicdn.com/img/ibank/O1CN01QPGSip1LWeXaqpTX9_!!2211430651307.jpg,https://cbu01.alicdn.com/img/ibank/O1CN01O1DGSi1LWeXcclpoT_!!2211430651307.jpg}",13006.0,件可售,80,true,false,,,2024-05-24 09:58:56.792 +0800,2024-05-28 17:15:06.675 +0800,,1,376,
478,1645,extension-https://detail.1688.com/offer/739359173509.html,https://detail.1688.com/offer/739359173509.html,Amazon Wheat Straw Plate Food Grade Vegetable Plate Dish Dumpling Plate Round Plate Anti-fall Thickened Dinner Plate Tableware Set,"""Home & Garden>Kitchen & Dining>Tableware>Dinnerware>Plates""",Wheat Straw Plate ,,,亚马逊小麦秸秆盘食品级菜盘碟子饺子盘圆盘防摔加厚餐盘餐具套装,"{https://img.alicdn.com/imgextra/i1/6000000003010/O1CN01aCQ9s81Y6d3jh09zh_!!6000000003010-0-tbvideo.jpg,https://cbu01.alicdn.com/img/ibank/O1CN01pfMh0P2BPeVG4eP77_!!2216323268331-0-cib.jpg,https://cbu01.alicdn.com/img/ibank/O1CN01S3qwUl2BPeV8h4B3Q_!!2216323268331-0-cib.jpg,https://cbu01.alicdn.com/img/ibank/O1CN016xvbxL2BPeVHkwKDE_!!2216323268331-0-cib.jpg,https://cbu01.alicdn.com/img/ibank/O1CN01ccz25A2BPeVHkvBXF_!!2216323268331-0-cib.jpg,https://cbu01.alicdn.com/img/ibank/O1CN011m4Jwm2BPeV7Untlz_!!2216323268331-0-cib.jpg,https://cbu01.alicdn.com/img/ibank/O1CN01Rt0FtD2BPeVCQqJS1_!!2216323268331-0-cib.jpg,https://cbu01.alicdn.com/img/ibank/O1CN018QTiu42BPeVEGFqRM_!!2216323268331-0-cib.jpg,https://cbu01.alicdn.com/img/ibank/O1CN01vdDLxN2BPeVFdoGr2_!!2216323268331-0-cib.jpg,https://cbu01.alicdn.com/img/ibank/O1CN01RUfkx42BPeV2rkqEi_!!2216323268331-0-cib.jpg,https://cbu01.alicdn.com/img/ibank/O1CN01C3v3442BPeVCToCCy_!!2216323268331-0-cib.jpg,https://cbu01.alicdn.com/img/ibank/O1CN01XMvJbE2BPeVBHB0tt_!!2216323268331-0-cib.jpg}",599976795,个可售,80,true,false,,,2024-05-28 12:33:34.926 +0800,2024-05-28 12:38:06.678 +0800,,1,461,3553
483,1650,extension-https://detail.1688.com/offer/743562613195.html,https://detail.1688.com/offer/743562613195.html,Amazon Cross-Border Wheat Straw Tableware Set Outdoor Portable Tableware Gift Set,"""Home & Garden>Kitchen & Dining>Tableware""","Wheat Straw Tableware Set Plates, Bowls, Cups, Saucers, Knives, Forks, Spoons, Cutlery Container",,,亚马逊跨境小麦秸秆餐具刀叉勺碗碟盘杯套装户外便携餐具礼品套装,"{https://cbu01.alicdn.com/img/ibank/O1CN01wEFz5L1VVs5cRoVKe_!!2215789012659-0-cib.jpg,https://cbu01.alicdn.com/img/ibank/O1CN01wfQhvL1VVs2kO5GRd_!!2215789012659-0-cib.jpg,https://cbu01.alicdn.com/img/ibank/O1CN01vG5Jvl1VVs1isKLQb_!!2215789012659-0-cib.jpg,https://cbu01.alicdn.com/img/ibank/O1CN01g45Loi1VVs1fl7GyM_!!2215789012659-0-cib.jpg,https://cbu01.alicdn.com/img/ibank/O1CN011n4KND1VVs1eee5QL_!!2215789012659-0-cib.jpg,https://cbu01.alicdn.com/img/ibank/O1CN01QGJoNv1VVs1eflheg_!!2215789012659-0-cib.jpg,https://cbu01.alicdn.com/img/ibank/O1CN01z26Iah1VVs1eflyRF_!!2215789012659-0-cib.jpg,https://cbu01.alicdn.com/img/ibank/O1CN01wTuAA11VVs1ciCO4k_!!2215789012659-0-cib.jpg,https://cbu01.alicdn.com/img/ibank/O1CN018wpgH11VVs1gtogCx_!!2215789012659-0-cib.jpg,https://cbu01.alicdn.com/img/ibank/O1CN01TGLltt1VVs1WK2K8o_!!2215789012659-0-cib.jpg,https://cbu01.alicdn.com/img/ibank/O1CN01rm3z4V1VVs1hUp8Uq_!!2215789012659-0-cib.jpg,https://cbu01.alicdn.com/img/ibank/O1CN01i8Umi71VVs1ef8Yna_!!2215789012659-0-cib.jpg,https://cbu01.alicdn.com/img/ibank/O1CN01pUZQdT1VVs5puPSYH_!!2215789012659-0-cib.jpg,https://cbu01.alicdn.com/img/ibank/O1CN01PInIHx1VVs5mt80yr_!!2215789012659-0-cib.jpg,https://cbu01.alicdn.com/img/ibank/O1CN016ADMkw1VVs5m476vu_!!2215789012659-0-cib.jpg,https://cbu01.alicdn.com/img/ibank/O1CN01mqQxQ91VVs5m48Jni_!!2215789012659-0-cib.jpg,https://cbu01.alicdn.com/img/ibank/O1CN01bGgx3c1VVs5lwORGO_!!2215789012659-0-cib.jpg}",11997534,套可售,80,true,false,,,2024-05-28 14:19:31.610 +0800,2024-05-28 17:11:55.121 +0800,,1,466,672
